学校名,学年,出願期間,試験日,試験実施期間,発表日,入試科目,面接,募集人員,URL,ページタイトル,所在地,連絡先,詳細,入試科目等,出願期間等
跡見学園中学校,"新2,3年",2/25～2/28,3/15,,3/17,英・数・国※英検3級以上、その他これと同等以上の資格取得の者は英語の試験を免除,受・保,若干名,https://www.jolnet.com/transfer/10449/,2025年3月実施　中学転・編入試験要項　跡見学園中学校,東京都文京区,03-3941-9548,ホームページ・詳細はこちら,,
啓明学園高等学校,"1,2,3年",7/22～8/5,OL型：8/22来校型：8/23,,8/23,OL型 　 英語型：英作日本語型：作外国語型：作（学習言語による）来校型　英語型：英・作（日・英）日本語型：英・数・国外国語型：作（日・外国語）,受のみ※ 8/19 要Zoomにてプレインタビュー（受・保）,若干名,https://www.jolnet.com/transfer/7394/,2024年8月実施　高校転・編入試験要項　啓明学園高等学校,東京都昭島市,042-541-1003,ホームページ・詳細はこちら,,
渋谷教育学園幕張中学校,"1,2年",11/17～11/25,12/11,,12/11,英・数・国,受のみ,若干名,https://www.jolnet.com/transfer/9423/,2024年12月実施　中学転・編入試験要項　渋谷教育学園幕張中学校,千葉県千葉市,043-271-1221,ホームページ・詳細はこちら,,
麗澤中学校,2年,6/10～7/5,7/13,,7/16,英・数・国,受・保別々,若干名,https://www.jolnet.com/transfer/6844/,2024年7月実施　中学転・編入試験要項　麗澤中学校,千葉県柏市,04-7173-3700,ホームページ・詳細はこちら,,
桜美林中学校,2年,6/24～7/6　※ 要事前相談,7/16,,7/16,英・数・国,受のみ,若干名,https://www.jolnet.com/transfer/6916/,2024年7月実施　中学転・編入試験要項　桜美林中学校,東京都町田市,042-797-2668,ホームページ・詳細はこちら,,
海城中学校,新2年,2/20～3/2,3/8,,3/8,英・数・国,受のみ,若干名,https://www.jolnet.com/transfer/10376/,2025年3月実施　中学転・編入試験要項　海城中学校,東京都新宿区,03-3209-5880,ホームページ・詳細はこちら,,
鎌倉学園高等学校,2年,6/29～7/5,7/8,,7/8,英・数・国,受のみ,若干名,https://www.jolnet.com/transfer/7262/,2024年7月実施　高校転・編入試験要項　鎌倉学園高等学校,神奈川県鎌倉市,0467-22-0994,ホームページ・詳細はこちら,,
京華女子高等学校,"1,2年",6/27～7/4　※ 要事前連絡,7/6,,7/6,英・数・国,受のみ,若干名,https://www.jolnet.com/transfer/7502/,2024年7月実施　高校転・編入試験要項　京華女子高等学校,東京都文京区,03-3946-4434,ホームページ・詳細はこちら,,
城西大学付属川越高等学校,"新2,3年",～3/12,3/14,,3/28,英・数・国,受のみ,若干名,https://www.jolnet.com/transfer/10297/,2025年3月実施　高校転・編入試験要項　城西大学付属川越高等学校,埼玉県川越市,049-224-5665,ホームページ・詳細はこちら,,
神戸大学附属中等教育学校,"1,2年",7/6～7/15,7/30,,7/30,英・数・国,受・保,若干名,https://www.jolnet.com/transfer/7339/,2024年7月実施　中学転・編入試験要項　神戸大学附属中等教育学校,兵庫県神戸市,078-811-0232,ホームページ・詳細はこちら,,
名古屋高等学校,1年,6/3～7/10,8/19,,8/19,英・数・国,受のみ,若干名,https://www.jolnet.com/transfer/7252/,2024年8月実施　高校転・編入試験要項　名古屋高等学校,愛知県名古屋市,052-721-5271,ホームページ・詳細はこちら,,
渋谷教育学園幕張高等学校,新2年,2/10～2/18,3/7,,3/7,英・数・国,受のみ,若干名,https://www.jolnet.com/transfer/10067/,2025年3月実施　高校転・編入試験要項　渋谷教育学園幕張高等学校,千葉県千葉市,043-271-1221,ホームページ・詳細はこちら,,
広尾学園小石川高等学校,"1,2,3年",7/8～7/16,7/22,,7/23,英・数・国　※ 英・数は英語表記,受のみ（日・英）,若干名,https://www.jolnet.com/transfer/7345/,2024年7月実施　高校転・編入試験要項　広尾学園小石川高等学校,東京都文京区,03-5940-4455,ホームページ・詳細はこちら,,
札幌光星中学校,"新2,3年",2/25～3/6,3/21,,3/21,英・数・国,受・保,若干名,https://www.jolnet.com/transfer/10240/,2025年3月実施　中学転・編入試験要項　札幌光星中学校,北海道札幌市,011-711-7161,ホームページ・詳細はこちら,,
立命館宇治高等学校,"2,3年",10/21～11/8,11/30,,12/6,IGコース：小論文（日 or 英）IBコース：数（英）・小論文（英）,受・保※ 上海・シンガポール・フランクフルト・ニューヨーク会場は11/24にオンラインにて,若干名,https://www.jolnet.com/transfer/8443/,2024年11月実施　高校転・編入試験要項　立命館宇治高等学校,京都府宇治市,0774-41-3000,ホームページ・詳細はこちら,,
穎明館中学校,"新2,3年",要事前相談,3/8,,,英・数・国,受のみ,定めず,https://www.jolnet.com/transfer/10299/,2025年3月実施　中学転・編入試験要項　穎明館中学校,東京都八王子市,042-664-6000,ホームページ・詳細はこちら,,
啓明学園中学校,"1,2,3年",7/22～8/5,OL型：8/22来校型：8/23,,8/23,OL型 　 英語型：英作日本語型：作外国語型：作（学習言語による）来校型　英語型：英・作（日・英）日本語型：英・数・国外国語型：作（日・外国語）,受のみ※ 8/19 要Zoomにてプレインタビュー（受・保）,若干名,https://www.jolnet.com/transfer/7392/,2024年8月実施　中学転・編入試験要項　啓明学園中学校,東京都昭島市,042-541-1003,ホームページ・詳細はこちら,,
弘学館高等学校,1年,6/24～7/5,7/22,,7/23,英・数・国,受・保,若干名,https://www.jolnet.com/transfer/7457/,2024年7月実施　高校転・編入試験要項　弘学館高等学校,佐賀県佐賀市,0952-98-2161,ホームページ・詳細はこちら,,
茗溪学園中学校,"1,2,3年",6/20～6/27,7/11　※ OL実施,,7/17,AC入試　A方式・B方式：英・数・国MG入試　A方式：英・作　B方式：英・数・国,受のみ＋受・保,若干名,https://www.jolnet.com/transfer/7120/,2024年7月実施　中学転・編入試験要項　茗溪学園中学校,茨城県つくば市,029-851-6611,ホームページ・詳細はこちら,,
愛知高等学校,"1,2年",～8/5,8/19,,8/19,英・数・国,受のみ,若干名,https://www.jolnet.com/transfer/7810/,2024年8月実施　高校転・編入試験要項　愛知高等学校,愛知県名古屋市,052-721-1521,ホームページ・詳細はこちら,,
福岡女学院高等学校,新2年,3/3～3/10,3/21,,3/21,英作,受・保別々,若干名,https://www.jolnet.com/transfer/10281/,2025年3月実施　高校転・編入試験要項　福岡女学院高等学校,福岡県福岡市,092-575-2470,ホームページ・詳細はこちら,,
武庫川女子大学附属中学校,新2年,2/26～3/7,3/13,,3/14,英・数・国,受・保,若干名,https://www.jolnet.com/transfer/10561/,2025年3月実施　中学転・編入試験要項　武庫川女子大学附属中学校,兵庫県西宮市,0798-47-6436,ホームページ・詳細はこちら,,
兵庫県立芦屋国際中等教育学校,"4,5年",～7/18,7/25,,7/25,英・数・国・作,受のみ,4年：3名　5年：7名,https://www.jolnet.com/transfer/7341/,2024年7月実施　中学転・編入試験要項　兵庫県立芦屋国際中等教育学校,兵庫県芦屋市,0797-38-2293,ホームページ・詳細はこちら,,
甲南高等学校,1年,7/16～7/19　※ 要事前相談,7/27,,7/27,英・数・国,受のみ,若干名,https://www.jolnet.com/transfer/7461/,2024年7月実施　高校転・編入試験要項　甲南高等学校,兵庫県芦屋市,0797-31-0551,ホームページ・詳細はこちら,,
自由学園中等部,"新2,3年",2/1～2/7,2/10,,2/11,英・数・国・集団考査,受・保別々,若干名,https://www.jolnet.com/transfer/10057/,2025年2月実施　中学転・編入試験要項　自由学園中等部,東京都東久留米市,042-422-3111,ホームページ・詳細はこちら,,
セントヨゼフ女子学園中学校,"1,2,3年",6/17～6/21,7/3,,郵送,英・数・国,受・保,若干名,https://www.jolnet.com/transfer/7254/,2024年7月実施　中学転・編入試験要項　セントヨゼフ女子学園中学校,三重県津市,059-227-6465,ホームページ・詳細はこちら,,
小林聖心女子学院高等学校,新1年,12/2～12/13　※ 要事前相談,1/7,,1/7,英・数・国,受・保,若干名,https://www.jolnet.com/transfer/9713/,2025年1月実施　高校転・編入試験要項　小林聖心女子学院高等学校,兵庫県宝塚市,0797-71-7321,ホームページ・詳細はこちら,,
聖心女子学院中等科,"1,2,3年",6/3～6/28,7/6,,7/6,英・数・国,受・保,若干名,https://www.jolnet.com/transfer/6836/,2024年7月実施　中学転・編入試験要項　聖心女子学院中等科,東京都港区,03-3444-7671,ホームページ・詳細はこちら,,
光英VERITAS高等学校,"1,2年",～6/28,7/6,,7/6,英・数・国,受・保別々,若干名,https://www.jolnet.com/transfer/7645/,2024年7月実施　高校転・編入試験要項　光英VERITAS高等学校,千葉県松戸市,047-392-8111,ホームページ・詳細はこちら,,
かえつ有明高等学校,"1,2年",11/26～11/29,12/3,,12/3,Regular選考：英・数・国,,若干名,https://www.jolnet.com/transfer/9638/,2024年12月実施　高校転・編入試験要項　かえつ有明高等学校,東京都江東区,03-5564-2111,ホームページ・詳細はこちら,,
札幌光星高等学校,"新2,3年",2/25～3/6,3/21,,3/21,英・数・国,受・保,若干名,https://www.jolnet.com/transfer/10242/,2025年3月実施　高校転・編入試験要項　札幌光星高等学校,北海道札幌市,011-711-7161,ホームページ・詳細はこちら,,
自由学園中等部,"新2,3年",11/17～11/24,11/30,,12/1,英・数・国・集団考査,受・保別々,若干名,https://www.jolnet.com/transfer/9427/,2024年12月実施　中学転・編入試験要項　自由学園中等部,東京都東久留米市,042-422-3111,ホームページ・詳細はこちら,,
広尾学園中学校,"1,2,3年",7/5～7/12,7/19,,7/20,英・数・国※ インターナショナルAGコースの英・数は英語表記,受のみ※ インターナショナルAGコースの面は日・英,若干名,https://www.jolnet.com/transfer/7270/,2024年7月実施　中学転・編入試験要項　広尾学園中学校,東京都港区,03-3444-7271,ホームページ・詳細はこちら,,
自由の森学園中学校,2年,7/9～7/23,7/29,,7/29,英・数・国,受のみ,若干名,https://www.jolnet.com/transfer/7610/,2024年7月実施　中学転・編入試験要項　自由の森学園中学校,埼玉県飯能市,042-972-3131,ホームページ・詳細はこちら,,
プール学院高等学校,"1,2年",～11/30,12/7,,12/9,英・数・国,受のみ,若干名,https://www.jolnet.com/transfer/9964/,2024年12月実施　高校転・編入試験要項　プール学院高等学校,大阪府大阪市,06-6741-7005,ホームページ・詳細はこちら,,
東京成徳大学中学校,"1,2,3年",12/2～12/17,12/21,,12/21,英・数・国,受・保,若干名,https://www.jolnet.com/transfer/9709/,2024年12月実施　中学転・編入試験要項　東京成徳大学中学校,東京都北区,03-3911-7109,ホームページ・詳細はこちら,,
大妻中野高等学校,"1,2年",9/28～10/7,10/19　※ シンガポール会場,,10/25,英・数・国,受・保,若干名,https://www.jolnet.com/transfer/8437/,2024年10月実施　高校転・編入試験要項　大妻中野高等学校,東京都中野区,03-3389-7211,ホームページ・詳細はこちら,,
桐光学園高等学校,"1,2年",11/27～12/3,12/7,,12/7,英・数・国,受・保別々,若干名,https://www.jolnet.com/transfer/9644/,2024年12月実施　高校転・編入試験要項　桐光学園高等学校,神奈川県川崎市,044-987-0519,ホームページ・詳細はこちら,,
大阪女学院高等学校,"1,2年",※ 要事前相談,7月,,,英・数・国,,若干名,https://www.jolnet.com/transfer/7510/,2024年7月実施　高校転・編入試験要項　大阪女学院高等学校,大阪府大阪市,06-6761-4113,ホームページ・詳細はこちら,,
カリタス女子中学校,"新2,3年",2/10～2/25,3/4,,3/4,英・数・国 or 仏・数・国,受・保,若干名,https://www.jolnet.com/transfer/10077/,2025年3月実施　中学転・編入試験要項　カリタス女子中学校,神奈川県川崎市,044-911-4656,ホームページ・詳細はこちら,,
法政大学国際高等学校,新2年,2/25～3/5,3/8,,3/11,英・数・国,受のみ,若干名,https://www.jolnet.com/transfer/10557/,2025年3月実施　高校転・編入試験要項　法政大学国際高等学校,神奈川県横浜市,045-571-4482,ホームページ・詳細はこちら,,
広尾学園高等学校,"1,2,3年",7/5～7/12,7/19,,7/20,英・数・国※ インターナショナルコースの英・数は英語表記,受のみ※ インターナショナルコースの面は日・英,若干名,https://www.jolnet.com/transfer/7272/,2024年7月実施　高校転・編入試験要項　広尾学園高等学校,東京都港区,03-3444-7271,ホームページ・詳細はこちら,,
自由の森学園高等学校,"1,2年",7/9～7/23,7/29,,7/29,英・数・国,受のみ,若干名,https://www.jolnet.com/transfer/7612/,2024年7月実施　高校転・編入試験要項　自由の森学園高等学校,埼玉県飯能市,042-972-3131,ホームページ・詳細はこちら,,
目白研心高等学校,新3年,2/22～2/26,3/3,,3/3,英・国,受・保,Super English Course 若干名　※ 英検準2級以上の取得者,https://www.jolnet.com/transfer/10218/,2025年3月実施　高校転・編入試験要項　目白研心高等学校,東京都新宿区,03-5996-3133,ホームページ・詳細はこちら,,
英数学館高等学校,"1,2年",11/18～11/22,12/2,,12/6,英・数・国※ IBクラスの英・数は英語で出題,受・保別々,若干名,https://www.jolnet.com/transfer/9435/,2024年12月実施　高校転・編入試験要項　英数学館高等学校,広島県福山市,084-941-4115,ホームページ・詳細はこちら,,
梅花高等学校,"1,2年",～12/12　※ 要事前相談,12/18,,12/19,英・数・国・作（日 or 英）,受・保別々,若干名,https://www.jolnet.com/transfer/8997/,2024年12月実施　高校転・編入試験要項　梅花高等学校,大阪府豊中市,06-6852-0001,ホームページ・詳細はこちら,,
富士見丘中学校,"1,2,3年",9/16～10/18,11/9,,11/20,A方式：英エッセイ・作B方式：英・数・国から2科目,受・保,若干名,https://www.jolnet.com/transfer/8340/,2024年11月実施　中学転・編入試験要項　富士見丘中学校,,,,,
東洋大学附属姫路高等学校,"1,2,3年",～7/17,7/22,,7/22,英・数・国,受・保,欠員分,https://www.jolnet.com/transfer/7808/,2024年7月実施　高校転・編入試験要項　東洋大学附属姫路高等学校,兵庫県姫路市,079-266-2626,ホームページ・詳細はこちら,,
如水館中学校,"新2,3年",3/3～3/12　※ 要事前連絡,3/18,,試験後3日以内,英・数・国,受・保,若干名,https://www.jolnet.com/transfer/10275/,2025年3月実施　中学転・編入試験要項　如水館中学校,広島県三原市,0848-63-2423,ホームページ・詳細はこちら,,
カリタス女子中学校,"1,2,3年",6/10～6/24,7/4,,7/4,英・数・国 or 仏・数・国,受・保,若干名,https://www.jolnet.com/transfer/6911/,2024年7月実施　中学転・編入試験要項　カリタス女子中学校,神奈川県川崎市,044-911-4656,ホームページ・詳細はこちら,,
梅花中学校,"1,2年",～12/12　※ 要事前相談,12/18,,12/19,英・数・国・作（日 or 英）,受・保別々,若干名,https://www.jolnet.com/transfer/8995/,2024年12月実施　中学転・編入試験要項　梅花中学校,大阪府豊中市,06-6852-0001,ホームページ・詳細はこちら,,
頌栄女子学院中学校,1年,6/10～6/25,7/5,,,,,若干名,https://www.jolnet.com/transfer/7111/,2024年7月実施　中学転・編入試験要項　頌栄女子学院中学校,東京都港区,03-3441-2005,ホームページ・詳細はこちら,要問い合わせ,
大妻多摩中学校,"1,2年",6/14～6/28,7/19　※ OLも可,,7/19,英・数・国,受のみ,若干名,https://www.jolnet.com/transfer/7037/,2024年7月実施　中学転・編入試験要項　大妻多摩中学校,千葉県習志野市,047-472-8192,ホームページ・詳細はこちら,,
桜美林高等学校,1年,11/25～12/7　※ 要事前相談,12/18,,12/18,英・数・国,受のみ,若干名,https://www.jolnet.com/transfer/9589/,2024年12月実施　高校転・編入試験要項　桜美林高等学校,東京都町田市,042-797-2667,ホームページ・詳細はこちら,,
東北学院中学校,"新2,3年",2/25～3/4,3/10,,3/11,英・数・国,受・保,若干名,https://www.jolnet.com/transfer/10445/,2025年3月実施　中学転・編入試験要項　東北学院中学校,宮城県仙台市,022-786-1231,ホームページ・詳細はこちら,,
兵庫県立芦屋国際中等教育学校,4年,～1/16,1/23,,1/23,英・数・国・作,受のみ,欠員分,https://www.jolnet.com/transfer/9870/,2025年1月実施　中学転・編入試験要項　兵庫県立芦屋国際中等教育学校,兵庫県芦屋市,0797-38-2293,ホームページ・詳細はこちら,,
恵泉女学園高等学校,1年,6/17～6/21,7/3,,7/4,英・数・国,受・保,若干名,https://www.jolnet.com/transfer/7043/,2024年7月実施　高校転・編入試験要項　恵泉女学園高等学校,東京都世田谷区,03-3303-2115,ホームページ・詳細はこちら,,
清泉女学院高等学校,新1年,～3/7,3/12,,3/12,英・数・国,受・保別々,若干名,https://www.jolnet.com/transfer/10695/,2025年3月実施　高校転・編入試験要項　清泉女学院高等学校,神奈川県鎌倉市,0467-46-3171,ホームページ・詳細はこちら,,
名古屋国際中学校,"1,2,3年",～9/30,10/5,,10/25,英・数・国　※ オンライン実施,受・保,各学年5名,https://www.jolnet.com/transfer/8628/,2024年10月実施　中学転・編入試験要項　名古屋国際中学校,愛知県名古屋市,052-858-2200,ホームページ・詳細はこちら,,
鎌倉学園高等学校,新2年,2/26～3/4,3/12,,3/12,英・数・国,受のみ,若干名,https://www.jolnet.com/transfer/10559/,2025年3月実施　高校転・編入試験要項　鎌倉学園高等学校,神奈川県鎌倉市,0467-22-0994,ホームページ・詳細はこちら,,
恵泉女学園中学校,"2,3年",11/25～11/29,12/10,,12/12,英・数・国,受・保,若干名,https://www.jolnet.com/transfer/9591/,2024年12月実施　中学転・編入試験要項　恵泉女学園中学校,東京都世田谷区,03-3303-2115,ホームページ・詳細はこちら,,
富士見中学校,"2,3年",6/17～6/29,7/6,,7/6,英・数・国,受・保,若干名,https://www.jolnet.com/transfer/7116/,2024年7月実施　中学転・編入試験要項　富士見中学校,東京都練馬区,03-3999-2136,ホームページ・詳細はこちら,,
京華中学校,"新2,3年",2/26～3/2　※ 要事前相談,3/5,,3/5,英・数・国,受・保別々,若干名,https://www.jolnet.com/transfer/5730/,2024年3月実施　中学転・編入試験要項　京華中学校,東京都文京区,03-3946-4451,ホームページ・詳細はこちら,,
東京学芸大学附属国際中等教育学校,新2～6年,12/23～1/8,2/3,,2/7,作（外国語・日）,受のみグループ,若干名,https://www.jolnet.com/transfer/9772/,2025年2月実施　中学転・編入試験要項　東京学芸大学附属国際中等教育学校,東京都練馬区,03-5905-1326,ホームページ・詳細はこちら,,
恵泉女学園中学校,"2,3年",6/17～6/21,7/3,,7/4,英・数・国,受・保,若干名,https://www.jolnet.com/transfer/7041/,2024年7月実施　中学転・編入試験要項　恵泉女学園中学校,東京都世田谷区,03-3303-2115,ホームページ・詳細はこちら,,
桐光学園中学校,"新2,3年",2/25～3/1,3/6,,3/6,英・数・国,受・保別々,若干名,https://www.jolnet.com/transfer/10248/,2025年3月実施　中学転・編入試験要項　桐光学園中学校,神奈川県川崎市,044-987-0519,ホームページ・詳細はこちら,,
桐朋女子中学校,"1,2,3年",11/15～11/22,12/1,,12/1,A：作（英 or 仏 or 独）B：英・数・国,受のみ,各学年5名,https://www.jolnet.com/transfer/9303/,2024年12月実施　中学転・編入試験要項　桐朋女子中学校,東京都調布市,03-3300-2232,ホームページ・詳細はこちら,,
昌平高等学校,"新2,3年",11/1～11/7,11/16,,11/20,英・数・国IB：英・数・作,受のみ　※ ニューヨーク会場の面は11/10にオンラインにて,若干名,https://www.jolnet.com/transfer/8636/,2024年11月実施　高校転・編入試験要項　昌平高等学校,埼玉県北葛飾郡,0480-34-3381,ホームページ・詳細はこちら,,
東北学院中学校,"1,2,3年",6/24～7/2,7/8,,7/9,英・数・国,受・保,若干名,https://www.jolnet.com/transfer/7187/,2024年7月実施　中学転・編入試験要項　東北学院中学校,宮城県仙台市,022-786-1231,ホームページ・詳細はこちら,,
大妻多摩中学校,"新2,3年",2/13～2/26,3/8　※ OLも可,,3/8,英・数・国,受のみ,若干名,https://www.jolnet.com/transfer/10118/,2025年3月実施　中学転・編入試験要項　大妻多摩中学校,東京都町田市,042-797-2668,ホームページ・詳細はこちら,,
鎌倉学園高等学校,2年,11/26～12/2,12/9,,12/9,英・数・国,受のみ,若干名,https://www.jolnet.com/transfer/9862/,2024年12月実施　高校転・編入試験要項　鎌倉学園高等学校,神奈川県鎌倉市,0467-22-0994,ホームページ・詳細はこちら,,
京華中学校,"新2,3年",2/24～3/1　※ 要事前相談,3/5,,3/5,英・数・国,受・保別々,若干名,https://www.jolnet.com/transfer/10412/,2025年3月実施　中学転・編入試験要項　京華中学校,東京都文京区,03-3946-4451,ホームページ・詳細はこちら,,
城西大学附属城西中学校,1年,11/19～12/3　※ 要事前相談,12/5,,12/6,英・数・国,受のみ,若干名,https://www.jolnet.com/transfer/9437/,2024年12月実施　中学転・編入試験要項　城西大学附属城西中学校,東京都豊島区,03-3973-6331,ホームページ・詳細はこちら,,
愛知淑徳中学校,"2,3年",～11/29　※ 要事前相談,12/20,,12/20,英・数・国,受のみ,欠員分,https://www.jolnet.com/transfer/8993/,2024年12月実施　中学転・編入試験要項　愛知淑徳中学校,愛知県名古屋市,052-781-1151,ホームページ・詳細はこちら,,
如水館高等学校,"新2,3年",3/3～3/12　※ 要事前連絡,3/18,,試験後3日以内,英・数・国,受・保,若干名,https://www.jolnet.com/transfer/10277/,2025年3月実施　高校転・編入試験要項　如水館高等学校,広島県三原市,0848-63-2423,ホームページ・詳細はこちら,,
梅花中学校,"新2,3年",～3/12　※ 要事前相談,3/17,,3/18,英・数・国・作（日 or 英）,受・保別々,若干名,https://www.jolnet.com/transfer/10853/,2025年3月実施　中学転・編入試験要項　梅花中学校,大阪府豊中市,06-6852-0002,ホームページ・詳細はこちら,,
富士見丘中学校,"新2,3年",2/14～2/26,3/3,,3/3,A方式：英エッセイ・作B方式：英・数・国,受・保,若干名,https://www.jolnet.com/transfer/10155/,2025年3月実施　中学転・編入試験要項　富士見丘中学校,東京都渋谷区,03-3376-1481,ホームページ・詳細はこちら,,
東邦大学付属東邦高等学校,1年,6/3～6/8,7/5,,7/5,英・数・国,受のみ,若干名,https://www.jolnet.com/transfer/7035/,2024年7月実施　高校転・編入試験要項　東邦大学付属東邦高等学校,千葉県習志野市,047-472-8192,ホームページ・詳細はこちら,,
逗子開成中学校,"1,2,3年",9/3～9/10,9/19,,9/19,英・数・国,受・保,若干名,https://www.jolnet.com/transfer/7773/,2024年9月実施　中学転・編入試験要項　逗子開成中学校,神奈川県逗子市,046-871-2062,ホームページ・詳細はこちら,,
渋谷教育学園幕張高等学校,"1,2年",6/10～6/18,7/10,,7/10,英・数・国,受のみ,若干名,https://www.jolnet.com/transfer/6842/,2024年7月実施　高校転・編入試験要項　渋谷教育学園幕張高等学校,千葉県千葉市,043-271-1221,ホームページ・詳細はこちら,,
昌平中学校,"新2,3年",11/1～11/7,11/16,,11/20,英・数・国,受のみ　※ ニューヨーク会場の面は11/10にオンラインにて,若干名,https://www.jolnet.com/transfer/8634/,2024年11月実施　中学転・編入試験要項　昌平中学校,埼玉県北葛飾郡,0480-34-3381,ホームページ・詳細はこちら,,
名古屋国際高等学校,"1,2年",～9/30,10/5,,10/25,英・数・国　※ オンライン実施,受・保,各学年5名,https://www.jolnet.com/transfer/8630/,2024年10月実施　高校転・編入試験要項　名古屋国際高等学校,愛知県名古屋市,052-853-5151,ホームページ・詳細はこちら,,
聖心女子学院高等科,1年,6/3～6/28,7/6,,7/6,英・数・国,受・保,若干名,https://www.jolnet.com/transfer/6838/,2024年7月実施　高校転・編入試験要項　聖心女子学院高等科,東京都港区,03-3444-7671,ホームページ・詳細はこちら,,
聖心女子学院高等科,新1年,11/18～12/9,12/20,,12/20,英・数・国,受・保,若干名,https://www.jolnet.com/transfer/9431/,2024年12月実施　高校転・編入試験要項　聖心女子学院高等科,東京都港区,03-3444-7671,ホームページ・詳細はこちら,,
明法中学校,"新2,3年",3/3～3/8　※ 要事前相談,3/18,,3/18,英・数・国,受のみ,若干名,https://www.jolnet.com/transfer/10455/,2025年03月実施　中学転・編入試験要項　明法中学校,東京都東村山市,042-393-5611,ホームページ・詳細はこちら,,
滝川高等学校,新2年,3/3～3/7,3/26,,3/26,英・数・国,受のみ,若干名,https://www.jolnet.com/transfer/10851/,2025年3月実施　高校転・編入試験要項　滝川高等学校,兵庫県神戸市,078-732-1625,ホームページ・詳細はこちら,,
大妻多摩高等学校,"新1,2年",2/13～2/26,3/8　※ OLも可,,3/8,英・数・国,受のみ,若干名,https://www.jolnet.com/transfer/10120/,2025年3月実施　高校転・編入試験要項　大妻多摩高等学校,東京都町田市,042-797-2668,ホームページ・詳細はこちら,,
オンライン,"1,2年",11/9～11/16,11/30：ヨーロッパ・アフリカ・中東・アジア・オセアニア各エリア12/1：北・中・南アメリカ各エリア,,12/11,事前に作提出,受・保,若干名,https://www.jolnet.com/transfer/8640/,2024年11月実施　高校転・編入試験要項　大妻中野高等学校　※ 海外 オンライン,東京都中野区,03-3389-7211,ホームページ・詳細はこちら,,
関西学院千里国際中等部,"1,2,3年",10/30～10/31,11/23　※ オンライン実施,,11/24,作（日 or 英）,受・保別々,若干名,https://www.jolnet.com/transfer/8445/,2024年11月実施　中学転・編入試験要項　関西学院千里国際中等部,大阪府箕面市,072-727-5050,ホームページ・詳細はこちら,,
茗溪学園中学校,"1,2年",9/19～9/26,10/10　※ OL実施,,10/16,AC入試　A方式・B方式：英・数・国MG入試　A方式：英・作　B方式：英・数・国,受のみ＋受・保,若干名,https://www.jolnet.com/transfer/8346/,2024年10月実施　中学転・編入試験要項　茗溪学園中学校,茨城県つくば市,029-851-6611,ホームページ・詳細はこちら,,
海陽中等教育学校,新1～4年,9/30～10/9,10/12　※ バンコク・シンガポール・上海会場,,10/14,英・数・国,受のみ＋受・保,若干名,https://www.jolnet.com/transfer/8350/,2024年10月実施　中学転・編入試験要項　海陽中等教育学校,愛知県蒲郡市,0533-58-2407,ホームページ・詳細はこちら,,
青稜高等学校,"1,2年",6/20～6/22,6/29,,7/1,英・数・国,受のみ,若干名,https://www.jolnet.com/transfer/7047/,2024年6月実施　高校転・編入試験要項　青稜高等学校,東京都世田谷区,03-3303-2115,ホームページ・詳細はこちら,,
ドルトン東京学園高等部,"1,2年",6/24～7/8,7/22,,試験後3日以内,英・数・国,受・保,若干名,https://www.jolnet.com/transfer/7197/,2024年7月実施　高校転・編入試験要項　ドルトン東京学園高等部,東京都調布市,03-5787-7945,ホームページ・詳細はこちら,,
青稜中学校,"新2,3年",2/20～2/22,3/1,,3/3,英・数・国,受のみ,若干名,https://www.jolnet.com/transfer/10210/,2025年3月実施　中学転・編入試験要項　青稜中学校,東京都品川区,03-3782-1502,ホームページ・詳細はこちら,,
英数学館中学校,"1,2,3年",6/24～6/27,7/8,,7/12,英・数・国※ イマージョンAの英・数は英語で出題,受・保※ イマージョンAの面は日・英,若干名,https://www.jolnet.com/transfer/7449/,2024年7月実施　中学転・編入試験要項　英数学館中学校,広島県福山市,084-941-4115,ホームページ・詳細はこちら,,
自由の森学園中学校,新3年,～3/6,3/13,,3/13,英・数・国,受のみ,若干名,https://www.jolnet.com/transfer/10847/,2025年3月実施　中学転・編入試験要項　自由の森学園中学校,埼玉県飯能市,042-972-3131,ホームページ・詳細はこちら,,
広尾学園小石川中学校,"1,2,3年",7/8～7/16,7/22,,7/23,英・数・国　※ 英・数は英語表記,受のみ（日・英）,若干名,https://www.jolnet.com/transfer/7343/,2024年7月実施　中学転・編入試験要項　広尾学園小石川中学校,東京都文京区,03-5940-4455,ホームページ・詳細はこちら,,
東京学芸大学附属国際中等教育学校,1～5年,5/15～5/22,7/2,,7/3,作（外国語・日）,受のみグループ,若干名,https://www.jolnet.com/transfer/7053/,2024年7月実施　中学転・編入試験要項　東京学芸大学附属国際中等教育学校,東京都練馬区,03-5905-1326,ホームページ・詳細はこちら,,
不二聖心女子学院高等学校,新1年,1/15～1/30　※ 要受験相談,2/4,,2/5,英・数 or 英・国,受のみ＋受・保,5名,https://www.jolnet.com/transfer/9905/,2025年2月実施　高校転・編入試験要項　不二聖心女子学院高等学校,静岡県裾野市,055-992-0213,ホームページ・詳細はこちら,,
城西大学附属城西高等学校,新3年,2/17～3/3　※ 要事前相談,3/5,,3/6,英・数・国,受のみ,若干名,https://www.jolnet.com/transfer/10166/,2025年3月実施　高校転・編入試験要項　城西大学附属城西高等学校,東京都豊島区,03-3973-6331,ホームページ・詳細はこちら,,
佼成学園女子中学校,"1,2,3年",6/14～6/28,7/5　※ 海外在住者はOL可,,7/5,英・数・国,受・保,定めず,https://www.jolnet.com/transfer/7331/,2024年7月実施　中学転・編入試験要項　佼成学園女子中学校,東京都世田谷区,03-3300-2351,ホームページ・詳細はこちら,,
佼成学園女子高等学校,"1,2年",11/15～11/29,12/6　※ 海外在住者はOL可,,12/6,英・数・国,受・保,定めず,https://www.jolnet.com/transfer/9301/,2024年12月実施　高校転・編入試験要項　佼成学園女子高等学校,東京都世田谷区,03-3300-2351,ホームページ・詳細はこちら,,
目白研心中学校,1年,11/25～11/29,12/5,,12/5,英・国 or 英・数,受・保,若干名,https://www.jolnet.com/transfer/8590/,2024年12月実施　中学転・編入試験要項　目白研心中学校,東京都新宿区,03-5996-3133,ホームページ・詳細はこちら,,
名古屋中学校,"1,2年",6/3～7/10,8/19,,8/19,英・数・国,受のみ,若干名,https://www.jolnet.com/transfer/7250/,2024年8月実施　中学転・編入試験要項　名古屋中学校,愛知県名古屋市,052-721-5271,ホームページ・詳細はこちら,,
カリタス女子高等学校,"1,2年",6/10～6/24,7/4,,7/4,英・数・国 or 仏・数・国,受・保,若干名,https://www.jolnet.com/transfer/6913/,2024年7月実施　高校転・編入試験要項　カリタス女子高等学校,神奈川県川崎市,044-911-4656,ホームページ・詳細はこちら,,
桐光学園中学校,"1,2年",11/27～12/3,12/7,,12/7,英・数・国,受・保別々,若干名,https://www.jolnet.com/transfer/9642/,2024年12月実施　中学転・編入試験要項　桐光学園中学校,神奈川県川崎市,044-987-0519,ホームページ・詳細はこちら,,
東洋大学附属姫路高等学校,"新2,3年",3/3～3/7,3/11,,3/11,英・数・国,受・保,欠員分,https://www.jolnet.com/transfer/10273/,2025年3月実施　高校転・編入試験要項　東洋大学附属姫路高等学校,兵庫県姫路市,079-266-2626,ホームページ・詳細はこちら,,
関西学院千里国際高等部,"1,2年",5/27～5/19,6/15　※ OL実施,,6/17,作（日 or 英）,受・保別々,若干名,https://www.jolnet.com/transfer/6771/,2024年6月実施　高校転・編入試験要項　関西学院千里国際高等部,大阪府箕面市,072-727-5050,ホームページ・詳細はこちら,,
逗子開成中学校,"新2,3年",2/17～2/22,3/12,,3/12,英・数・国,受・保,若干名,https://www.jolnet.com/transfer/10172/,2025年3月実施　中学転・編入試験要項　逗子開成中学校,神奈川県逗子市,046-871-2062,ホームページ・詳細はこちら,,
桜美林高等学校,新2年,2/10～2/25　※ 要事前相談,3/10,,3/10,英・数・国,受のみ,若干名,https://www.jolnet.com/transfer/10071/,2025年3月実施　高校転・編入試験要項　桜美林高等学校,東京都町田市,042-797-2667,ホームページ・詳細はこちら,,
暁星高等学校,新2年,2/6～2/10,2/17,,2/18,英・数・国 or 仏・数・国,受のみ,若干名,https://www.jolnet.com/transfer/10441/,2025年2月実施　高校転・編入試験要項　暁星高等学校,東京都千代田区,03-3262-3291,ホームページ・詳細はこちら,,
成蹊中学校,新2年,11/26～12/2,12/23,,12/23,英・数・国,受のみ,若干名,https://www.jolnet.com/transfer/9640/,2024年12月実施　中学転・編入試験要項　成蹊中学校,東京都武蔵野市,0422-37-3818,ホームページ・詳細はこちら,,
サレジアン国際学園中学校,"1,2年",7/5～7/12,7/16,,7/17,本科：インターナショナルSG：英・数・国インターナショナルAG：英エッセイ・英,受・保※ インターナショナルAGは受のみインタビュー（日・英）あり,若干名,https://www.jolnet.com/transfer/7637/,2024年7月実施　中学転・編入試験要項　サレジアン国際学園中学校,東京都北区,03-3906-7551,ホームページ・詳細はこちら,,
富士見高等学校,"1,2年",6/17～6/29,7/6,,7/6,英・数・国,受・保,若干名,https://www.jolnet.com/transfer/7118/,2024年7月実施　高校転・編入試験要項　富士見高等学校,東京都練馬区,03-3999-2136,ホームページ・詳細はこちら,,
京華女子中学校,"1,2年",11/28～12/5　※ 要事前連絡,12/7,,12/10,英・数・国,受のみ,若干名,https://www.jolnet.com/transfer/9703/,2024年12月実施　中学転・編入試験要項　京華女子中学校,東京都文京区,03-3946-4434,ホームページ・詳細はこちら,,
トキワ松学園中学校,"新2,3年",2/21～3/1,3/6,,3/6,英・数・国,受のみ,若干名,https://www.jolnet.com/transfer/10325/,2025年3月実施　中学転・編入試験要項　トキワ松学園中学校,東京都目黒区,03-3713-8161,ホームページ・詳細はこちら,,
城西大学附属城西高等学校,2年（理系クラス）,11/19～12/3　※ 要事前相談,12/5,,12/6,英・数・国,受のみ,若干名,https://www.jolnet.com/transfer/9439/,2024年12月実施　高校転・編入試験要項　城西大学附属城西高等学校,東京都豊島区,03-3973-6331,ホームページ・詳細はこちら,,
麗澤瑞浪中学校,"1,2,3年",※ 要事前連絡,7月,,,英・数・国,受・保別々,若干名,https://www.jolnet.com/transfer/7504/,2024年7月実施　中学転・編入試験要項　麗澤瑞浪中学校,岐阜県瑞浪市,0572-66-3111,ホームページ・詳細はこちら,,
不二聖心女子学院中学校,"1,2,3年",～11/21　※ 要受験相談,11/23,,,英・数 or 英・国,受のみ＋受・保,欠員分,https://www.jolnet.com/transfer/8490/,2024年11月実施　中学転・編入試験要項　不二聖心女子学院中学校,静岡県裾野市,055-992-0213,ホームページ・詳細はこちら,,
三田国際学園中学校,2年,7/1～7/8　※ 要事前面談,7/23,,7/23,英（英語による出題）,受のみ（日・英）,若干名,https://www.jolnet.com/transfer/7264/,2024年7月実施　中学転・編入試験要項　三田国際学園中学校,東京都港区,03-3441-2005,ホームページ・詳細はこちら,,
弘学館中学校,"新2,3年",2/1～2/22,3/7,,3/8,英・数・国,受・保,若干名,https://www.jolnet.com/transfer/10482/,2025年3月実施　中学転・編入試験要項　弘学館中学校,佐賀県佐賀市,0952-98-2161,ホームページ・詳細はこちら,,
セントヨゼフ女子学園中学校,"新2,3年",2/10～2/17,3/5,,郵送,英・数・国,受・保,若干名,https://www.jolnet.com/transfer/10490/,2025年3月実施　中学転・編入試験要項　セントヨゼフ女子学園中学校,三重県津市,059-227-6465,ホームページ・詳細はこちら,,
開智望中等教育学校,"1,2,3年",11/1～12/5,12/7,,個別連絡,基礎学力検査,受のみ,若干名,https://www.jolnet.com/transfer/8720/,2024年12月実施　中学転・編入試験要項　開智望中等教育学校,茨城県つくばみらい市,0297-38-8857,ホームページ・詳細はこちら,,
佼成学園女子高等学校,"新2,3年",2/11～2/25,3/4　※ 海外在住者はOL可,,3/4,英・数・国,受・保,定めず,https://www.jolnet.com/transfer/10112/,2025年3月実施　高校転・編入試験要項　佼成学園女子高等学校,東京都世田谷区,03-3300-2351,ホームページ・詳細はこちら,,
芝国際高等学校,"1,2年",7/16～7/18,7/23,,7/24,英・数・国,受のみ,若干名,https://www.jolnet.com/transfer/7390/,2024年7月実施　高校転・編入試験要項　芝国際高等学校,東京都港区,03-3451-0912,ホームページ・詳細はこちら,,
梅花高等学校,"新2,3年",～3/12　※ 要事前相談,3/17,,3/18,英・数・国・作（日 or 英）,受・保別々,若干名,https://www.jolnet.com/transfer/10855/,2025年3月実施　高校転・編入試験要項　梅花高等学校,大阪府豊中市,06-6852-0002,ホームページ・詳細はこちら,,
啓明学園中学校,"新2,3年",2/20～3/10,オンライン型：3/19来校型：3/21,,3/21,オンライン型　英語型：英作　日本語型：作　外国語型：外国語作来校型　英語型：作（日・英）　日本語型：英・数・国　外国語型：作（日・外国語）,受のみ　※ 3/15 要Zoomにてプレインタビュー（受・保）,若干名,https://www.jolnet.com/transfer/10207/,2025年3月実施　中学転・編入試験要項　啓明学園中学校,東京都昭島市,042-541-1003,ホームページ・詳細はこちら,,
名古屋国際中学校,"1,2,3年",～11/1,11/11,,12/2,英・数・国　※ オンライン実施,受・保,各学年5名,https://www.jolnet.com/transfer/8716/,2024年11月実施　中学転・編入試験要項　名古屋国際中学校,愛知県名古屋市,052-858-2200,ホームページ・詳細はこちら,,
関西学院千里国際高等部,"新1,2,3年",3/10～3/11,3/19　※ OL実施,,3/21,作（日 or 英）,受・保別々,若干名,https://www.jolnet.com/transfer/10307/,2025年3月実施　高校転・編入試験要項　関西学院千里国際高等部,大阪府箕面市,072-727-5050,ホームページ・詳細はこちら,,
京華高等学校,新2年,2/26～3/2　※ 要事前相談,3/5,,3/5,英・数・国,受・保別々,若干名,https://www.jolnet.com/transfer/5732/,2024年3月実施　高校転・編入試験要項　京華高等学校,東京都文京区,03-3946-4451,ホームページ・詳細はこちら,,
英数学館中学校,"新2,3年",2/17～2/21,3/3,,3/7,英・数・国※ イマージョンAの英・数は英語で出題,受・保※ イマージョンAは日・英,若干名,https://www.jolnet.com/transfer/10176/,2025年3月実施　中学転・編入試験要項　英数学館中学校,広島県福山市,084-941-4115,ホームページ・詳細はこちら,,
弘学館中学校,"1,2,3年",6/24～7/5,7/22,,7/23,英・数・国,受・保,若干名,https://www.jolnet.com/transfer/7455/,2024年7月実施　中学転・編入試験要項　弘学館中学校,佐賀県佐賀市,0952-98-2161,ホームページ・詳細はこちら,,
宝仙学園順天堂大学系属理数インター中学校,新2年,2/11～2/25,3/4,,3/4,英・数・国グローバルコース：数・国・英エッセイ,受のみ　※ グローバルコースの面は日・英,若干名,https://www.jolnet.com/transfer/10114/,2025年3月実施　中学転・編入試験要項　宝仙学園順天堂大学系属理数インター中学校,東京都中野区,03-3371-7103,ホームページ・詳細はこちら,,
佼成学園高等学校,"新2,3年",2/2～2/17,2/23　※ オンライン,,2/25,作（出願時提出）,受のみ,若干名,https://www.jolnet.com/transfer/10061/,2025年2月実施　高校転・編入試験要項　佼成学園高等学校,東京都杉並区,03-3381-7227,ホームページ・詳細はこちら,,
逗子開成高等学校,1年,6/3～6/10,6/25,,6/25,英・数・国,受・保,若干名,https://www.jolnet.com/transfer/7109/,2024年6月実施　高校転・編入試験要項　逗子開成高等学校,神奈川県逗子市,046-871-2062,ホームページ・詳細はこちら,,
桜美林中学校,新3年,2/10～2/25　※ 要事前相談,3/10,,3/10,英・数・国,受のみ,若干名,https://www.jolnet.com/transfer/10069/,2025年3月実施　中学転・編入試験要項　桜美林中学校,東京都町田市,042-797-2668,ホームページ・詳細はこちら,,
愛知淑徳中学校,"2,3年",～7/1　※ 要事前相談,7/18,,7/18,英・数・国,受のみ,欠員分,https://www.jolnet.com/transfer/6923/,2024年7月実施　中学転・編入試験要項　愛知淑徳中学校,愛知県名古屋市,052-781-1151,ホームページ・詳細はこちら,,
広尾学園小石川中学校,"新2,3年",11/23～12/6,12/16,,12/18,英・数・国※ インターナショナルコースAGの英・数は英語表記,受のみ※ インターナショナルコースAGの面は日・英,若干名,https://www.jolnet.com/transfer/9583/,2024年12月実施　中学転・編入試験要項　広尾学園小石川中学校,東京都文京区,03-5940-4455,ホームページ・詳細はこちら,,
茗溪学園高等学校,1年,5/14～5/21,6/4　※ オンライン実施,,6/11,A方式：英・作　IB方式：英・数・エッセイ,受のみ＋受・保,若干名,https://www.jolnet.com/transfer/6932/,2024年6月実施　高校転・編入試験要項　茗溪学園高等学校,茨城県つくば市,029-851-6611,ホームページ・詳細はこちら,,
福岡女学院中学校,"新2,3年",3/3～3/10,3/21,,3/21,英作,受・保別々,若干名,https://www.jolnet.com/transfer/10279/,2025年3月実施　中学転・編入試験要項　福岡女学院中学校,福岡県福岡市,092-575-2470,ホームページ・詳細はこちら,,
兵庫県立芦屋国際中等教育学校,"4,5年",～9/5,9/12,,9/12,英・数・国・作,受のみ,4年：3名　5年：7名,https://www.jolnet.com/transfer/7766/,2024年9月実施　中学転・編入試験要項　兵庫県立芦屋国際中等教育学校,兵庫県芦屋市,0797-38-2293,ホームページ・詳細はこちら,,
富士見丘高等学校,"1,2年",6/14～6/26,7/1,,7/1,A方式：英エッセイ・作B方式：英・数・国,受・保,若干名,https://www.jolnet.com/transfer/6850/,2024年7月実施　高校転・編入試験要項　富士見丘高等学校,東京都渋谷区,03-3376-1481,ホームページ・詳細はこちら,,
桐朋女子高等学校,"新2,3年",2/14～2/19,3/1,,3/1,A：作（英 or 仏 or 独）B：英・国 or 英・数,受のみ,各学年5名,https://www.jolnet.com/transfer/10153/,2025年3月実施　高校転・編入試験要項　桐朋女子高等学校,東京都調布市,03-3300-2111,ホームページ・詳細はこちら,,
梅花高等学校,"1,2年",～7/13　※ 要事前相談,7/18,,7/19,英・数・国,受・保別々,若干名,https://www.jolnet.com/transfer/7446/,2024年7月実施　高校転・編入試験要項　梅花高等学校,大阪府豊中市,06-6852-0001,ホームページ・詳細はこちら,,
大妻中野中学校,"1,2,3年",9/28～10/7,10/19　※ シンガポール会場,,10/25,英・数・国,受・保,若干名,https://www.jolnet.com/transfer/8488/,2024年10月実施　中学転・編入試験要項　大妻中野中学校,東京都中野区,03-3389-7211,ホームページ・詳細はこちら,,
如水館高等学校,"1,2年",12/2～12/9　※ 要事前連絡,12/17,,試験後3日以内,英・数・国,受・保,若干名,https://www.jolnet.com/transfer/9717/,2024年12月実施　高校転・編入試験要項　如水館高等学校,広島県三原市,0848-63-2423,ホームページ・詳細はこちら,,
岩田中学校,"1,2,3年",6/19～7/19,8/1,,8/1,英・数・国,受・保,定めず,https://www.jolnet.com/transfer/7567/,2024年8月実施　中学転・編入試験要項　岩田中学校,大分県大分市,097-558-3007,ホームページ・詳細はこちら,,
市川中学校,"1,2,3年",6/24～7/1,7/8,,7/9,英・数・国,受のみ,若干名,https://www.jolnet.com/transfer/7191/,2024年7月実施　中学転・編入試験要項　市川中学校,千葉県市川市,047-339-2681,ホームページ・詳細はこちら,,
目白研心中学校,"新2,3年",2/22～2/26,3/3,,3/3,英・国 or 英・数,受・保,若干名,https://www.jolnet.com/transfer/10216/,2025年3月実施　中学転・編入試験要項　目白研心中学校,東京都新宿区,03-5996-3133,ホームページ・詳細はこちら,,
啓明学園中学校,"1,2,3年",6/22～7/8,OL型：7/18来校型：7/19,,7/19,OL型 　 英語型：英作日本語型：作外国語型：作（学習言語による）来校型　英語型：英・作（日・英）日本語型：英・数・国外国語型：作（日・外国語）,受のみ※ 7/13 要Zoomにてプレインタビュー（受・保）,若干名,https://www.jolnet.com/transfer/7171/,2024年7月実施　中学転・編入試験要項　啓明学園中学校,東京都昭島市,042-541-1003,ホームページ・詳細はこちら,,
十文字高等学校,1年,～12/9,12/16,,12/16,英・数・国,受・保別々,若干名,https://www.jolnet.com/transfer/9806/,2024年12月実施　高校転・編入試験要項　十文字高等学校,東京都豊島区,03-3918-3977,ホームページ・詳細はこちら,,
愛知中学校,"新2,3年",～2/28,3/7,,3/7,英・数・国,受・保,若干名,https://www.jolnet.com/transfer/10443/,2025年3月実施　中学転・編入試験要項　愛知中学校,愛知県名古屋市,052-721-1521,ホームページ・詳細はこちら,,
東京女学館中学校,"国際学級 1,2年",6/19～6/25,7/10　※ OLも可,,7/10,英・数・国※ 英語検定準2級以上を取得者は、英語の試験を免除,受のみ,若干名,https://www.jolnet.com/transfer/7125/,2024年7月実施　中学転・編入試験要項　東京女学館中学校,東京都渋谷区,03-3400-0867,ホームページ・詳細はこちら,,
富士見中学校,"2,3年",11/25～12/7,12/14,,12/14,英・数・国,受・保,若干名,https://www.jolnet.com/transfer/9595/,2024年12月実施　中学転・編入試験要項　富士見中学校,東京都練馬区,03-3999-2136,ホームページ・詳細はこちら,,
青稜中学校,"1,2年",6/20～6/22,6/29,,7/1,英・数・国,受のみ,若干名,https://www.jolnet.com/transfer/7045/,2024年6月実施　中学転・編入試験要項　青稜中学校,東京都世田谷区,03-3303-2115,ホームページ・詳細はこちら,,
緑ヶ丘女子高等学校,"新2,3年",3/10～3/17,3/18,,3/18,英・数・国,受のみ,若干名,https://www.jolnet.com/transfer/10303/,2025年3月実施　高校転・編入試験要項　緑ヶ丘女子高等学校,神奈川県横須賀市,046-822-1651,ホームページ・詳細はこちら,,
西大和学園高等学校,"1,2,3年",10/28～11/27,12/10,,12/12,英・数・国,受のみ,定めず,https://www.jolnet.com/transfer/8583/,2024年12月実施　高校転・編入試験要項　西大和学園高等学校,奈良県河合町,0745-73-6565,ホームページ・詳細はこちら,,
国際基督教大学高等学校,"1,2年",6/17～6/21※ 6/2までに資格認定を受けること,7/8,,7/9,書類審査,受のみ　※ Zoomにて面接,各学年男女計10名,https://www.jolnet.com/transfer/6852/,2024年7月実施　高校転・編入試験要項　国際基督教大学高等学校,東京都小金井市,0422-33-3401,ホームページ・詳細はこちら,,
富士見丘高等学校,"1,2年",9/16～10/18,11/9,,11/20,A方式：英エッセイ・作B方式：英・数・国から2科目,受・保,若干名,https://www.jolnet.com/transfer/8343/,2024年11月実施　高校転・編入試験要項　富士見丘高等学校,,,,,
セントヨゼフ女子学園高等学校,1年,6/17～6/21,7/3,,郵送,英・数・国,受・保,若干名,https://www.jolnet.com/transfer/7256/,2024年7月実施　高校転・編入試験要項　セントヨゼフ女子学園高等学校,三重県津市,059-227-6465,ホームページ・詳細はこちら,,
佼成学園中学校,"新2,3年",2/2～2/17,2/23　※ オンライン,,2/25,作（出願時提出）,受のみ,若干名,https://www.jolnet.com/transfer/10059/,2025年2月実施　中学転・編入試験要項　佼成学園中学校,東京都杉並区,03-3381-7227,ホームページ・詳細はこちら,,
小林聖心女子学院高等学校,1年,6/10～6/17　※ 要事前相談,7/1,,7/1,英・数・国,受・保,若干名,https://www.jolnet.com/transfer/6936/,2024年7月実施　高校転・編入試験要項　小林聖心女子学院高等学校,兵庫県宝塚市,0797-71-7321,ホームページ・詳細はこちら,,
成蹊中学校,国際学級 1年,6/17～6/21,7/4,,7/4,英・数・国,受のみ,若干名,https://www.jolnet.com/transfer/6920/,2024年7月実施　中学転・編入試験要項　成蹊中学校,東京都武蔵野市,0422-37-3818,ホームページ・詳細はこちら,,
名古屋国際高等学校,"1,2年",～11/1,11/11,,12/2,英・数・国　※ オンライン実施,受・保,各学年5名,https://www.jolnet.com/transfer/8718/,2024年11月実施　高校転・編入試験要項　名古屋国際高等学校,愛知県名古屋市,052-853-5151,ホームページ・詳細はこちら,,
啓明学園高等学校,"新2,3年",2/20～3/10,オンライン型：3/19来校型：3/21,,3/21,オンライン型　英語型：英作　日本語型：作　外国語型：外国語作来校型　英語型：作（日・英）　日本語型：英・数・国　外国語型：作（日・外国語）,受のみ　※ 3/15 要Zoomにてプレインタビュー（受・保）,若干名,https://www.jolnet.com/transfer/10269/,2024年3月実施　高校転・編入試験要項　啓明学園高等学校,東京都昭島市,042-541-1003,ホームページ・詳細はこちら,,
東京成徳大学中学校,"新2,3年",3/1～3/19,3/22,,3/22,英・数・国,受・保,若干名,https://www.jolnet.com/transfer/10271/,2025年3月実施　中学転・編入試験要項　東京成徳大学中学校,東京都北区,03-3911-7109,ホームページ・詳細はこちら,,
西大和学園中学校,新2年,1/25～2/24,3/10,,3/13,英・数・国,受のみ,定めず,https://www.jolnet.com/transfer/9970/,2025年3月実施　中学転・編入試験要項　西大和学園中学校,奈良県河合町,0745-73-6565,ホームページ・詳細はこちら,,
成蹊高等学校,新2年,2/24～3/5　※ 要事前相談,3/14,,3/14,英・数・国,受のみ,若干名,https://www.jolnet.com/transfer/10238/,2025年3月実施　高校転・編入試験要項　成蹊高等学校,東京都武蔵野市,0422-37-3818,ホームページ・詳細はこちら,,
女子美術大学付属中学校,新2年,2/12～2/20,2/23,,2/25,英・数・国・美,受・保別々,若干名,https://www.jolnet.com/transfer/10551/,2025年2月実施　中学転・編入試験要項　女子美術大学付属中学校,東京都杉並区,03-5340-4541,ホームページ・詳細はこちら,,
佼成学園女子中学校,"新2,3年",2/11～2/25,3/4　※ 海外在住者はOL可,,3/4,英・数・国,受・保,定めず,https://www.jolnet.com/transfer/10110/,2025年3月実施　中学転・編入試験要項　佼成学園女子中学校,東京都世田谷区,03-3300-2351,ホームページ・詳細はこちら,,
芝国際中学校,"新2,3年",2/22～2/25,3/3,,3/4,英・数・国,受のみ,若干名,https://www.jolnet.com/transfer/10321/,2025年3月実施　中学転・編入試験要項　芝国際中学校,東京都港区,03-3451-0912,ホームページ・詳細はこちら,,
立命館宇治中学校,"1,2,3年",6/3～6/17,6/29　※ OL実施,,7/4,ICコース　A方式（2年）：小論文（日 or 英）IPコース　IP方式（1，2年）IB方式（3年）：数（英）・小論文（英）,受のみ＋受・保※ ICコース：日　IPコース：英（一部日あり）,若干名,https://www.jolnet.com/transfer/6773/,2024年6月実施　中学転・編入試験要項　立命館宇治中学校,京都府宇治市,0774-41-3000,ホームページ・詳細はこちら,,
十文字中学校,"1,2年",～12/9,12/16,,12/16,英・数・国,受・保別々,若干名,https://www.jolnet.com/transfer/9804/,2024年12月実施　中学転・編入試験要項　十文字中学校,東京都豊島区,03-3918-3977,ホームページ・詳細はこちら,,
桜美林高等学校,"1,2年",6/24～7/6　※ 要事前相談,7/16,,7/16,英・数・国,受のみ,若干名,https://www.jolnet.com/transfer/6918/,2024年7月実施　高校転・編入試験要項　桜美林高等学校,東京都町田市,042-797-2667,ホームページ・詳細はこちら,,
西武学園文理中学校,"新2,3年",3/3～3/5,3/7,,3/7,英・数・国・作,受のみ,若干名,https://www.jolnet.com/transfer/10451/,2025年3月実施　中学転・編入試験要項　西武学園文理中学校,埼玉県狭山市,04-2954-4080,ホームページ・詳細はこちら,,
麗澤高等学校,2年,6/10～7/5,7/13,,7/16,英・数・国,受・保別々,若干名,https://www.jolnet.com/transfer/6846/,2024年7月実施　高校転・編入試験要項　麗澤高等学校,千葉県柏市,04-7173-3700,ホームページ・詳細はこちら,,
弘学館高等学校,新2年,2/1～2/22,3/7,,3/8,英・数・国,受・保,若干名,https://www.jolnet.com/transfer/10484/,2025年3月実施　高校転・編入試験要項　弘学館高等学校,佐賀県佐賀市,0952-98-2161,ホームページ・詳細はこちら,,
不二聖心女子学院中学校,"1,2年",～12/14　※ 要受験相談,12/21,,2/5,英・数 or 英・国,受のみ＋受・保,欠員分,https://www.jolnet.com/transfer/8999/,2024年12月実施　中学転・編入試験要項　不二聖心女子学院中学校,静岡県裾野市,055-992-0213,ホームページ・詳細はこちら,,
自由学園中等部,"1,2,3年",6/29～7/9,7/13,,7/14,英・数・国,受・保別々,若干名,https://www.jolnet.com/transfer/7258/,2024年7月実施　中学転・編入試験要項　自由学園中等部,東京都東久留米市,042-422-3111,ホームページ・詳細はこちら,,
西南学院高等学校,新2年,～3/8,3/14,,3/14,英・数・国,受のみ,若干名,https://www.jolnet.com/transfer/6104/,2024年3月実施　高校転・編入試験要項　西南学院高等学校,福岡県福岡市,092-841-1317,ホームページ・詳細はこちら,,
如水館中学校,"1,2,3年",7/1～7/26　※ 要事前連絡,8/6,,試験後3日以内,英・数・国,受・保,若干名,https://www.jolnet.com/transfer/7571/,2024年8月実施　中学転・編入試験要項　如水館中学校,広島県三原市,0848-63-2423,ホームページ・詳細はこちら,,
英数学館高等学校,"1,2年",6/24～6/27,7/8,,7/12,英・数・国※ IBクラスの英・数は英語で出題,受・保,若干名,https://www.jolnet.com/transfer/7452/,2024年7月実施　高校転・編入試験要項　英数学館高等学校,広島県福山市,084-941-4115,ホームページ・詳細はこちら,,
玉川学園中学部,"新2,3年",1/21～1/27,2/11,,2/11,一般クラス：英・数・国IBクラス：英（英による出題）・数（英 or 日による出題）・日本語,一般クラス：受・保IBクラス：受のみ＋受・保,若干名,https://www.jolnet.com/transfer/9968/,2025年2月実施　中学転・編入試験要項　玉川学園中学部,東京都町田市,042-739-8111,ホームページ・詳細はこちら,,
カリタス女子高等学校,"1,2年",11/11～11/25,12/3,,12/3,英・数・国 or 仏・数・国,受・保,若干名,https://www.jolnet.com/transfer/9287/,2024年12月実施　高校転・編入試験要項　カリタス女子高等学校,神奈川県川崎市,044-911-4656,ホームページ・詳細はこちら,,
大妻多摩高等学校,1年,6/14～6/28,7/19　※ OLも可,,7/19,英・数・国,受のみ,若干名,https://www.jolnet.com/transfer/7039/,2024年7月実施　高校転・編入試験要項　大妻多摩高等学校,千葉県習志野市,047-472-8192,ホームページ・詳細はこちら,,
麗澤中学校,"1,2年",11/4～11/29,12/7,,12/10,英・数・国,受・保別々,若干名,https://www.jolnet.com/transfer/8722/,2024年12月実施　中学転・編入試験要項　麗澤中学校,千葉県柏市,04-7173-3700,ホームページ・詳細はこちら,,
富士見高等学校,"1,2年",11/25～12/7,12/14,,12/14,英・数・国,受・保,若干名,https://www.jolnet.com/transfer/9597/,2024年12月実施　高校転・編入試験要項　富士見高等学校,東京都練馬区,03-3999-2136,ホームページ・詳細はこちら,,
シンガポール会場,"新2,3年",10/7～11/5　※ 出願時作提出,11/17,,11/29,英・数・国,受のみ（英）＋受・保,若干名,https://www.jolnet.com/transfer/8579/,2024年11月実施　中学転・編入試験要項　啓明学院中学校　※ シンガポール会場,兵庫県神戸市,078-741-1501,ホームページ・詳細はこちら,,
茗溪学園中学校,"1,2,3年",8/15～8/22,9/5　※ OL実施,,9/11,AC入試　A方式・B方式：英・数・国MG入試　A方式：英・作　B方式：英・数・国,受のみ＋受・保,若干名,https://www.jolnet.com/transfer/7762/,2024年9月実施　中学転・編入試験要項　茗溪学園中学校,茨城県つくば市,029-851-6611,ホームページ・詳細はこちら,,
茗溪学園中学校,"1,2年",11/14～11/21,12/5　※ オンライン実施,,12/10,AC入試 A・B：英・数・国MG入試 A：英・作　B：英・数・国,受のみ＋受・保,若干名,https://www.jolnet.com/transfer/9295/,2024年12月実施　中学転・編入試験要項　茗溪学園中学校,茨城県つくば市,029-851-6611,ホームページ・詳細はこちら,,
かえつ有明中学校,"1,2,3年",7/2～7/5,7/9,,7/9,Regular選考：英・数・国Honors/Advanced選考：英・作・英Essay,Honors/Advanced選考：受のみグループ（英）,若干名,https://www.jolnet.com/transfer/7266/,2024年7月実施　高校転・編入試験要項　かえつ有明中学校,東京都江東区,03-5564-2161,ホームページ・詳細はこちら,,
小林聖心女子学院中学校,"新2,3年",12/2～12/13　※ 要事前相談,1/7,,1/7,英・数・国,受・保,若干名,https://www.jolnet.com/transfer/9711/,2025年1月実施　中学転・編入試験要項　小林聖心女子学院中学校,兵庫県宝塚市,0797-71-7321,ホームページ・詳細はこちら,,
トキワ松学園高等学校,"新2,3年",2/21～3/1,3/6,,3/6,英・数・国,受のみ,若干名,https://www.jolnet.com/transfer/10327/,2025年3月実施　高校転・編入試験要項　トキワ松学園高等学校,東京都目黒区,03-3713-8161,ホームページ・詳細はこちら,,
岩田高等学校,"1,2,3年",6/19～7/19,8/1,,8/1,英・数・国,受・保,定めず,https://www.jolnet.com/transfer/7569/,2024年8月実施　高校転・編入試験要項　岩田高等学校,大分県大分市,097-558-3007,ホームページ・詳細はこちら,,
芝国際中学校,"1,2年",7/16～7/18,7/23,,7/24,英・数・国,受のみ,若干名,https://www.jolnet.com/transfer/7388/,2024年7月実施　中学転・編入試験要項　芝国際中学校,東京都港区,03-3451-0912,ホームページ・詳細はこちら,,
茗溪学園中学校,"1,2,3年",5/14～5/21,6/4　※ オンライン実施,,6/11,AC入試 A・B方式：英・数・国MG入試 A方式：英・作　B方式：英・数・国,受のみ＋受・保,若干名,https://www.jolnet.com/transfer/6930/,2024年6月実施　中学転・編入試験要項　茗溪学園中学校,茨城県つくば市,029-851-6611,ホームページ・詳細はこちら,,
工学院大学附属中学校,"1,2,3年",11/20～11/27,12/4,,12/4,数・英・作,受・保,若干名,https://www.jolnet.com/transfer/9441/,2024年12月実施　中学転・編入試験要項　工学院大学附属中学校,東京都八王子市,042-628-4914,ホームページ・詳細はこちら,,
立命館守山中学校,"1,2年",～9/24,,12/14～23,1週間以内,英・数・国,受・保,若干名,https://www.jolnet.com/transfer/8714/,2024年12月実施　中学転・編入試験要項　立命館守山中学校,滋賀県守山市,077-582-8000,ホームページ・詳細はこちら,,
工学院大学附属高等学校,"新2,3年",2/5～2/15,2/22,,2/22,数・英・作,受・保,若干名,https://www.jolnet.com/transfer/10410/,2025年3月実施　高校転・編入試験要項　工学院大学附属高等学校,東京都八王子市,042-628-4914,ホームページ・詳細はこちら,,
西武学園文理中学校,"1,2年",6/25～7/3,7/6,,7/6,英・数・国・作,受・保,若干名,https://www.jolnet.com/transfer/7199/,2024年7月実施　中学転・編入試験要項　西武学園文理中学校,埼玉県狭山市,04-2954-4080,ホームページ・詳細はこちら,,
お茶の水女子大学附属中学校,"1,2年",6/1～7/1,7/22,,7/23,筆答試験,受・保別々,1年 男女各5名　2年 男子若干名,https://www.jolnet.com/transfer/7386/,2024年8月実施　中学転・編入試験要項　お茶の水女子大学附属中学校,東京都文京区,03-5978-5862,ホームページ・詳細はこちら,,
札幌光星中学校,"1,2,3年",9/2～9/11,9/19,,9/19,英・数・国,受・保,若干名,https://www.jolnet.com/transfer/7769/,2024年9月実施　中学転・編入試験要項　札幌光星中学校,北海道札幌市,011-711-7161,ホームページ・詳細はこちら,,
梅花中学校,"1,2年",～7/13　※ 要事前相談,7/18,,7/19,英・数・国・作（日 or 英）,受・保別々,若干名,https://www.jolnet.com/transfer/7444/,2024年7月実施　中学転・編入試験要項　梅花中学校,大阪府豊中市,06-6852-0001,ホームページ・詳細はこちら,,
不二聖心女子学院中学校,新3年,1/15～1/30　※ 要受験相談,2/3,,2/4,英・数 or 英・国,受のみ＋受・保,5名,https://www.jolnet.com/transfer/9903/,2025年2月実施　中学転・編入試験要項　不二聖心女子学院中学校,静岡県裾野市,055-992-0213,ホームページ・詳細はこちら,,
帝京ロンドン学園高等部,"1,2,3年",6/2～6/12　※ 事前にメールで資格認定を受けること,6/18～6/20,,6/23,書類審査,受験生（日本語・英語）、保護者（日本語）,若干名,https://www.jolnet.com/transfer/10727/,2025年6月実施　高校転・編入試験要項　帝京ロンドン学園高等部,ロンドン郊外,帝京ロンドン学園：+44 (0)1753 663712帝京大学国際化推進室：03-3964-9044,ホームページ・詳細はこちら,,
緑ヶ丘女子高等学校,"1,2年",12/11～12/17,12/18,,12/18,英・数・国,受のみ,若干名,https://www.jolnet.com/transfer/9766/,2025年1月実施　高校転・編入試験要項　緑ヶ丘女子高等学校,神奈川県横須賀市,046-822-1651,ホームページ・詳細はこちら,,
麗澤瑞浪高等学校,1年,※ 要事前連絡,7月,,,英・数・国,受・保別々,若干名,https://www.jolnet.com/transfer/7506/,2024年7月実施　高校転・編入試験要項　麗澤瑞浪高等学校,岐阜県瑞浪市,0572-66-3111,ホームページ・詳細はこちら,,
名古屋高等学校,新2年,2/3～2/28,3/19,,3/19,英・数・国,受のみ,若干名,https://www.jolnet.com/transfer/10488/,2025年3月実施　高校転・編入試験要項　名古屋高等学校,愛知県名古屋市,052-721-5271,ホームページ・詳細はこちら,,
開智望中等教育学校,"1,2,3年",7/1～7/25,7/27,,,基礎学力調査,受のみ,若干名,https://www.jolnet.com/transfer/7608/,2024年7月実施　中学転・編入試験要項　開智望中等教育学校,茨城県つくばみらい市,0297-38-8220,ホームページ・詳細はこちら,,
英数学館高等学校,"新2,3年",2/17～2/21,3/3,,3/7,英・数・国,受・保別々,若干名,https://www.jolnet.com/transfer/10178/,2025年3月実施　高校転・編入試験要項　英数学館高等学校,広島県福山市,084-941-4115,ホームページ・詳細はこちら,,
城西大学附属城西高等学校,2年,6/22～7/6　※ 要事前相談,7/9,,7/10,英・数・国,受のみ,若干名,https://www.jolnet.com/transfer/7185/,2024年7月実施　高校転・編入試験要項　城西大学附属城西高等学校,東京都豊島区,03-3973-6331,ホームページ・詳細はこちら,,
聖学院高等学校,,,6/19,,6/19,,,,https://www.jolnet.com/transfer/7105/,2024年7月実施　高校転・編入試験要項　聖学院高等学校,東京都北区,03-3917-1121,ホームページ・詳細はこちら,,要問い合わせ
東北学院高等学校,"1,2,3年",6/24～7/2,7/8,,7/9,英・数・国,受・保,若干名,https://www.jolnet.com/transfer/7189/,2024年7月実施　高校転・編入試験要項　東北学院高等学校,宮城県仙台市,022-786-1231,ホームページ・詳細はこちら,,
芝国際高等学校,新2年,2/22～2/25,3/3,,3/4,英・数・国,受のみ,若干名,https://www.jolnet.com/transfer/10323/,2025年3月実施　高校転・編入試験要項　芝国際高等学校,東京都港区,03-3451-0912,ホームページ・詳細はこちら,,
不二聖心女子学院高等学校,"1,2年",～12/14　※ 要受験相談,12/21,,,英・数 or 英・国,受のみ＋受・保,欠員分,https://www.jolnet.com/transfer/9001/,2024年12月実施　高校転・編入試験要項　不二聖心女子学院高等学校,静岡県裾野市,055-992-0213,ホームページ・詳細はこちら,,
かえつ有明高等学校,"1,2,3年",7/2～7/5,7/9,,7/9,Regular選考：英・数・国Honors選考：英・作・英Essay,Honors選考：受のみグループ（英）,若干名,https://www.jolnet.com/transfer/7268/,2024年7月実施　高校転・編入試験要項　かえつ有明高等学校,東京都江東区,03-5564-2161,ホームページ・詳細はこちら,,
立命館宇治高等学校,新2年,1/8～1/21,2/10,,2/12,IGコース：小論文（日 or 英）,受・保,若干名,https://www.jolnet.com/transfer/9966/,2025年2月実施　高校転・編入試験要項　立命館宇治高等学校,京都府宇治市,0774-41-3000,ホームページ・詳細はこちら,,
立命館慶祥高等学校,"新2,3年",～1/20,2/8,,2/17,英・数・国,受・保,若干名,https://www.jolnet.com/transfer/9868/,2025年2月実施　高校転・編入試験要項　立命館慶祥高等学校,北海道江別市,011-381-8888,ホームページ・詳細はこちら,,
岩田中学校,"1,2,3年",～2/28,3/8,,3/8,英・数・国,受・保,定めず,https://www.jolnet.com/transfer/10549/,2025年3月実施　中学転・編入試験要項　岩田中学校,大分県大分市,097-558-3007,ホームページ・詳細はこちら,,
富士見中学校,"新2,3年",2/17～3/1,3/8,,3/8,英・数・国,受・保,若干名,https://www.jolnet.com/transfer/10168/,2025年3月実施　中学転・編入試験要項　富士見中学校,東京都練馬区,03-3999-2136,ホームページ・詳細はこちら,,
啓明学園高等学校,"1,2,3年",6/22～7/8,OL型：7/18来校型：7/19,,7/19,OL型 　 英語型：英作日本語型：作外国語型：作（学習言語による）来校型　英語型：英・作（日・英）日本語型：英・数・国外国語型：作（日・外国語）,受のみ※ 7/13 要Zoomにてプレインタビュー（受・保）,若干名,https://www.jolnet.com/transfer/7178/,2024年7月実施　高校転・編入試験要項　啓明学園高等学校,東京都昭島市,042-541-1003,ホームページ・詳細はこちら,,
西大和学園高等学校,新2年,1/25～2/24,3/10,,3/13,英・数・国,受のみ,定めず,https://www.jolnet.com/transfer/9972/,2025年3月実施　高校転・編入試験要項　西大和学園高等学校,奈良県河合町,0745-73-6565,ホームページ・詳細はこちら,,
お茶の水女子大学附属中学校,新2年,12/1～1/7,2/5,,2/6,筆答試験,受・保別々,男女計5名,https://www.jolnet.com/transfer/9707/,2025年2月実施　中学転・編入試験要項　お茶の水女子大学附属中学校,東京都文京区,03-5978-5862,ホームページ・詳細はこちら,,
札幌光星高等学校,"1,2年",9/2～9/11,9/19,,9/19,英・数・国,受・保,若干名,https://www.jolnet.com/transfer/7771/,2024年9月実施　高校転・編入試験要項　札幌光星高等学校,北海道札幌市,011-711-7161,ホームページ・詳細はこちら,,
穎明館高等学校,"1,2,3年",要事前相談,3/8,,,英・数・国,受のみ,定めず,https://www.jolnet.com/transfer/10301/,2025年3月実施　高校転・編入試験要項　穎明館高等学校,東京都八王子市,042-664-6000,ホームページ・詳細はこちら,,
暁星中学校,"新2,3年",2/6～2/10,2/17,,2/18,英・数・国 or 仏・数・国,受のみ,若干名,https://www.jolnet.com/transfer/10439/,2025年2月実施　中学転・編入試験要項　暁星中学校,東京都千代田区,03-3262-3291,ホームページ・詳細はこちら,,
立命館宇治高等学校,"1,2年",6/3～6/17,6/29　※ OL実施,,7/4,IGコース　A方式：小論文（日 or 英）IBコース　IB方式（1年）：数（英）・小論文（英）,受のみ＋受・保※ IBコース：英　IGコース：日,若干名,https://www.jolnet.com/transfer/6777/,2024年6月実施　高校転・編入試験要項　立命館宇治高等学校,京都府宇治市,0774-41-3000,ホームページ・詳細はこちら,,
城西大学付属川越高等学校,"1,2年",～12/19,12/21,,12/23,英・数・国,受のみ,若干名,https://www.jolnet.com/transfer/9003/,2024年12月実施　高校転・編入試験要項　城西大学付属川越高等学校,埼玉県川越市,049-224-5665,ホームページ・詳細はこちら,,
茗溪学園高等学校,1年,8/15～8/22,9/5　※ OL実施,,9/11,A方式：英・作IB方式：英・数・エッセイ,受のみ＋受・保,若干名,https://www.jolnet.com/transfer/7764/,2024年9月実施　高校転・編入試験要項　茗溪学園高等学校,茨城県つくば市,029-851-6611,ホームページ・詳細はこちら,,
関西学院千里国際中等部,"1,2,3年",5/27～5/19,6/15　※ OL実施,,6/17,作（日 or 英）,受・保別々,若干名,https://www.jolnet.com/transfer/6769/,2024年6月実施　中学転・編入試験要項　関西学院千里国際中等部,大阪府箕面市,072-727-5050,ホームページ・詳細はこちら,,
京華女子中学校,"1,2,3年",6/27～7/4　※ 要事前連絡,7/6,,7/6,英・数・国,受のみ,若干名,https://www.jolnet.com/transfer/7500/,2024年7月実施　中学転・編入試験要項　京華女子中学校,東京都文京区,03-3946-4434,ホームページ・詳細はこちら,,
関西学院千里国際中等部,"新1,2,3年",3/10～3/11,3/19　※ OL実施,,3/21,作（日 or 英）,受・保別々,若干名,https://www.jolnet.com/transfer/10305/,2025年3月実施　中学転・編入試験要項　関西学院千里国際中等部,大阪府箕面市,072-727-5050,ホームページ・詳細はこちら,,
聖学院中学校,,,6/19,,6/19,,,,https://www.jolnet.com/transfer/7102/,2024年7月実施　中学転・編入試験要項　聖学院中学校,東京都北区,03-3917-1121,ホームページ・詳細はこちら,,要問い合わせ
品川女子学院高等部,"新1,2年",2/19～2/26,3/5,,3/6,英・数・国,受・保別々,若干名,https://www.jolnet.com/transfer/10205/,2025年3月実施　高校転・編入試験要項　品川女子学院高等部,東京都品川区,03-3474-4048,ホームページ・詳細はこちら,,
渋谷教育学園幕張中学校,"新2,3年",2/10～2/18,3/6,,3/6,英・数・国,受のみ,若干名,https://www.jolnet.com/transfer/10065/,2025年3月実施　中学転・編入試験要項　渋谷教育学園幕張中学校,千葉県千葉市,043-271-1221,ホームページ・詳細はこちら,,
関西学院千里国際高等部,"1,2年",7/26～7/29,8/6　※ OL実施,,8/7,作（日 or 英）,受・保別々,若干名,https://www.jolnet.com/transfer/7398/,2024年8月実施　高校転・編入試験要項　関西学院千里国際高等部,大阪府箕面市,072-727-5050,ホームページ・詳細はこちら,,
京華女子高等学校,"1,2年",11/28～12/5　※ 要事前連絡,12/7,,12/10,英・数・国,受のみ,若干名,https://www.jolnet.com/transfer/9705/,2024年12月実施　高校転・編入試験要項　京華女子高等学校,東京都文京区,03-3946-4434,ホームページ・詳細はこちら,,
かえつ有明高等学校,"新2,3年",2/25～2/28,3/4,,3/4,Regular選考：英・数・国Honors / Advanced選考：英・作・英Essay,Honors / Advanced選考：受のみグループ（英）,欠員分,https://www.jolnet.com/transfer/10246/,2025年3月実施　高校転・編入試験要項　かえつ有明高等学校,東京都江東区,03-5564-2161,ホームページ・詳細はこちら,,
立命館宇治中学校,"2,3年",10/21～11/8,11/30,,12/6,ICコース：小論文（日 or 英）IPコース：数（英）・小論文（英）,受・保※ 上海・シンガポール・フランクフルト・ニューヨーク会場は11/24にオンラインにて,若干名,https://www.jolnet.com/transfer/8441/,2024年11月実施　中学転・編入試験要項　立命館宇治中学校,京都府宇治市,0774-41-3000,ホームページ・詳細はこちら,,
聖心女子学院中等科,"新2,3年",11/18～12/9,12/20,,12/20,英・数・国,受・保,若干名,https://www.jolnet.com/transfer/9429/,2024年12月実施　中学転・編入試験要項　聖心女子学院中等科,東京都港区,03-3444-7671,ホームページ・詳細はこちら,,
富士見丘高等学校,"1,2年",11/15～11/27,12/2,,12/2,A方式：英エッセイ・作B方式：英・数・国,受・保,若干名,https://www.jolnet.com/transfer/9309/,2024年12月実施　高校転・編入試験要項　富士見丘高等学校,東京都渋谷区,03-3376-1481,ホームページ・詳細はこちら,,
富士見丘中学校,"1,2,3年",11/15～11/27,12/2,,12/2,A方式：英エッセイ・作B方式：英・数・国,受・保,若干名,https://www.jolnet.com/transfer/9307/,2024年12月実施　中学転・編入試験要項　富士見丘中学校,東京都渋谷区,03-3376-1481,ホームページ・詳細はこちら,,
桐光学園高等学校,新2年,2/25～3/1,3/6,,3/6,英・数・国,受・保別々,若干名,https://www.jolnet.com/transfer/10250/,2025年3月実施　高校転・編入試験要項　桐光学園高等学校,神奈川県川崎市,044-987-0519,ホームページ・詳細はこちら,,
啓明学院中学校,"1,2年",※ 要事前連絡　出願時作提出,8/23　※ 中2は7/25も可,,試験当日,英・数・国,受のみ（英）＋受・保,若干名,https://www.jolnet.com/transfer/7513/,2024年8月実施　中学転・編入試験要項　啓明学院中学校,兵庫県神戸市,078-741-1501,ホームページ・詳細はこちら,,
京華高等学校,新2年,2/24～3/1　※ 要事前相談,3/5,,3/5,英・数・国,受・保別々,若干名,https://www.jolnet.com/transfer/10414/,2025年3月実施　高校転・編入試験要項　京華高等学校,東京都文京区,03-3946-4451,ホームページ・詳細はこちら,,
英数学館中学校,"1,2,3年",11/18～11/22,12/2,,12/6,英・数・国※ イマージョンAの英・数は英語で出題,受・保※ イマージョンAの面は日・英,若干名,https://www.jolnet.com/transfer/9433/,2024年12月実施　中学転・編入試験要項　英数学館中学校,広島県福山市,084-941-4115,ホームページ・詳細はこちら,,
目白研心高等学校,1年,11/25～11/29,12/5,,12/5,英・国 or 英・数,受・保,若干名,https://www.jolnet.com/transfer/8592/,2024年12月実施　高校転・編入試験要項　目白研心高等学校,東京都新宿区,03-5996-3133,ホームページ・詳細はこちら,,
市川中学校,"新2,3年",2/22～3/1,3/8,,3/8,英・数・国,受のみ,若干名,https://www.jolnet.com/transfer/10214/,2025年3月実施　中学転・編入試験要項　市川中学校,千葉県市川市,047-339-2681,ホームページ・詳細はこちら,,
清泉女学院中学校,"新2,3年",～3/7,3/12,,3/12,英・数・国,受・保別々,若干名,https://www.jolnet.com/transfer/10693/,2025年3月実施　中学転・編入試験要項　清泉女学院中学校,神奈川県鎌倉市,0467-46-3171,ホームページ・詳細はこちら,,
立命館守山中学校,"1,2年",～5/8,7/13～8/7,,1週間以内,英・数・国,受・保,若干名,https://www.jolnet.com/transfer/6758/,2024年7月実施　中学転・編入試験要項　立命館守山中学校,滋賀県守山市,077-582-8000,ホームページ・詳細はこちら,,
渋谷教育学園幕張中学校,"1,2,3年",6/10～6/18,7/10,,7/10,英・数・国,受のみ,若干名,https://www.jolnet.com/transfer/6840/,2024年7月実施　中学転・編入試験要項　渋谷教育学園幕張中学校,千葉県千葉市,043-271-1221,ホームページ・詳細はこちら,,
青稜高等学校,"新2,3年",2/20～2/22,3/1,,3/3,英・数・国,受のみ,若干名,https://www.jolnet.com/transfer/10212/,2025年3月実施　高校転・編入試験要項　青稜高等学校,東京都品川区,03-3782-1502,ホームページ・詳細はこちら,,
土佐塾中学校,新2年,1/6～2/1,2/16,,2/17,英・数,受のみ,若干名,https://www.jolnet.com/transfer/9901/,2025年2月実施　中学転・編入試験要項　土佐塾中学校,高知県高知市,088-831-1717,ホームページ・詳細はこちら,,
関西学院千里国際中等部,1年,11/27～11/29,1/6　※ オンライン実施,,1/8,作（日 or 英）,受・保別々,若干名,https://www.jolnet.com/transfer/9646/,2025年1月実施　中学転・編入試験要項　関西学院千里国際中等部,大阪府箕面市,072-727-5050,ホームページ・詳細はこちら,,
桐光学園中学校,"1,2年",7/12～7/18,7/23,,7/23,英・数・国,受・保別々,若干名,https://www.jolnet.com/transfer/7347/,2024年7月実施　中学転・編入試験要項　桐光学園中学校,神奈川県川崎市,044-987-0519,ホームページ・詳細はこちら,,
オンライン,"1,2,3年",11/9～11/16,11/30：ヨーロッパ・アフリカ・中東・アジア・オセアニア各エリア12/1：北・中・南アメリカ各エリア,,12/11,事前に作提出,受・保,若干名,https://www.jolnet.com/transfer/8638/,2024年11月実施　中学転・編入試験要項　大妻中野中学校　※ 海外 オンライン,東京都中野区,03-3389-7211,ホームページ・詳細はこちら,,
兵庫県立芦屋国際中等教育学校,"4,5年",～11/21,11/28,,11/28,英・数・国・作,受のみ,4年 4名　5年 7名,https://www.jolnet.com/transfer/8494/,2024年11月実施　中学転・編入試験要項　兵庫県立芦屋国際中等教育学校,兵庫県芦屋市,0797-38-2293,ホームページ・詳細はこちら,,
同志社国際高等学校,"1,2年",5/18～5/30※ 4/22～5/15に資格認定を受けること,6/29,,7/1,A選考：高1…小論文　高2…小論文・小論文要約B選考：英・数・国,受・保　※ 面は高1B選考はなし,若干名,https://www.jolnet.com/transfer/6767/,2024年7月実施　高校転・編入試験要項　同志社国際高等学校,京都府京田辺市,0774-65-8911,ホームページ・詳細はこちら,,
工学院大学附属中学校,"新2,3年",2/5～2/15,2/22,,2/22,数・英・作,受・保,若干名,https://www.jolnet.com/transfer/10408/,2025年3月実施　中学転・編入試験要項　工学院大学附属中学校,東京都八王子市,042-628-4914,ホームページ・詳細はこちら,,
啓明学園中学校,"1,2,3年",11/22～12/10,12/20※ オンライン型は12/21,,12/21,英語型：作（日・英）　日本語型：英・数・国　 外国語型：作（日・外国語）※ オンライン型　英語型：英作　日本語型：作　 外国語型：外国語作,受のみ　※ 12/14 要Zoomにてプレインタビュー（受・保）,若干名,https://www.jolnet.com/transfer/9579/,2024年12月実施　中学転・編入試験要項　啓明学園中学校,東京都昭島市,042-541-1003,ホームページ・詳細はこちら,,
恵泉女学園高等学校,1年,11/25～11/29,12/10,,12/12,英・数・国,受・保,若干名,https://www.jolnet.com/transfer/9593/,2024年12月実施　高校転・編入試験要項　恵泉女学園高等学校,東京都世田谷区,03-3303-2115,ホームページ・詳細はこちら,,
広尾学園小石川高等学校,"新1,2,3年",11/23～12/6,12/16,,12/18,英・数・国※ インターナショナルコースAGの英・数は英語表記,受のみ※ インターナショナルコースAGの面は日・英,若干名,https://www.jolnet.com/transfer/9585/,2024年12月実施　高校転・編入試験要項　広尾学園小石川高等学校,東京都文京区,03-5940-4455,ホームページ・詳細はこちら,,
恵泉女学園中学校,新3年,2/10～2/14,3/6,,3/12,英・数・国,受・保,若干名,https://www.jolnet.com/transfer/10073/,2025年3月実施　中学転・編入試験要項　恵泉女学園中学校,東京都世田谷区,03-3303-2115,ホームページ・詳細はこちら,,
宝仙学園順天堂大学系属理数インター中学校,"1,2年",11/12～11/26,12/3,,12/3,英・数・国グローバルコース：数・国・英エッセイ,受のみ※ グローバルコースの面は日・英,若干名,https://www.jolnet.com/transfer/9289/,2023年12月実施　中学転・編入試験要項　宝仙学園順天堂大学系属理数インター中学校,東京都中野区,03-3371-7109,ホームページ・詳細はこちら,,
ドルトン東京学園中等部,3年,6/24～7/8,7/22,,試験後3日以内,英・数・国,受・保,若干名,https://www.jolnet.com/transfer/7195/,2024年7月実施　中学転・編入試験要項　ドルトン東京学園中等部,東京都調布市,03-5787-7945,ホームページ・詳細はこちら,,
桐光学園高等学校,"1,2年",7/12～7/18,7/23,,7/23,英・数・国,受・保別々,若干名,https://www.jolnet.com/transfer/7349/,2024年7月実施　高校転・編入試験要項　桐光学園高等学校,神奈川県川崎市,044-987-0519,ホームページ・詳細はこちら,,
桜美林中学校,2年,11/25～12/7　※ 要事前相談,12/18,,12/18,英・数・国,受のみ,若干名,https://www.jolnet.com/transfer/9587/,2024年12月実施　中学転・編入試験要項　桜美林中学校,東京都町田市,042-797-2668,ホームページ・詳細はこちら,,
カリタス女子高等学校,"新1,2年",2/10～2/25,3/4,,3/4,英・数・国 or 仏・数・国,受・保,若干名,https://www.jolnet.com/transfer/10079/,2025年3月実施　高校転・編入試験要項　カリタス女子高等学校,神奈川県川崎市,044-911-4656,ホームページ・詳細はこちら,,
京華女子高等学校,"新2,3年",2/21～3/5,3/7,,3/7,英・数・国,受のみ,若干名,https://www.jolnet.com/transfer/10723/,2025年3月実施　高校転・編入試験要項　京華女子高等学校,東京都文京区,03-3946-4434,ホームページ・詳細はこちら,,
URLの変更,,,,,,,,,https://www.jolnet.com/transfer/6793/,JOBAの2024年9月編入試験対策ページ URLの変更,,,,,
愛知淑徳中学校,"新2,3年",～2/28　※ 要事前相談,3/11,,3/11,英・数・国,受のみ,欠員分,https://www.jolnet.com/transfer/10236/,2025年3月実施　中学転・編入試験要項　愛知淑徳中学校,愛知県名古屋市,052-781-1151,ホームページ・詳細はこちら,,
東北学院高等学校,"新2,3年",2/25～3/4,3/10,,3/11,英・数・国,受・保,若干名,https://www.jolnet.com/transfer/10447/,2025年3月実施　高校転・編入試験要項　東北学院高等学校,宮城県仙台市,022-786-1231,ホームページ・詳細はこちら,,
兵庫県立芦屋国際中等教育学校,新4年,～3/19,3/27,,3/27,英・数・国・作,受のみ,欠員分,https://www.jolnet.com/transfer/10309/,2025年3月実施　中学転・編入試験要項　兵庫県立芦屋国際中等教育学校,兵庫県芦屋市,0797-38-2293,ホームページ・詳細はこちら,,
十文字高等学校,新2年,～3/4,3/11,,3/11,英・数・国,受・保別々,若干名,https://www.jolnet.com/transfer/10267/,2025年3月実施　高校転・編入試験要項　十文字高等学校,東京都豊島区,03-3918-3977,ホームページ・詳細はこちら,,
渋谷教育学園幕張高等学校,"1,2年",11/17～11/25,12/11,,12/11,英・数・国,受のみ,若干名,https://www.jolnet.com/transfer/9425/,2024年12月実施　高校転・編入試験要項　渋谷教育学園幕張高等学校,千葉県千葉市,043-271-1221,ホームページ・詳細はこちら,,
ドルトン東京学園中等部,2～5年,11/27～12/11,12/25,,試験後3日以内,英・数・国,受・保,若干名,https://www.jolnet.com/transfer/9978/,2024年12月実施　中学転・編入試験要項　ドルトン東京学園中等部,東京都調布市,03-5787-7945,ホームページ・詳細はこちら,,
小林聖心女子学院中学校,"1,2,3年",6/10～6/17　※ 要事前相談,7/1,,7/1,"中1：算・国・作中2,3：英・数・国",受・保,若干名,https://www.jolnet.com/transfer/6934/,2024年7月実施　中学転・編入試験要項　小林聖心女子学院中学校,兵庫県宝塚市,0797-71-7321,ホームページ・詳細はこちら,,
福岡女学院高等学校,"1,2年",12/2～12/9,12/23,,12/23,作（日・英）,受・保別々,若干名,https://www.jolnet.com/transfer/9721/,2024年12月実施　高校転・編入試験要項　福岡女学院高等学校,福岡県福岡市,092-575-2470,ホームページ・詳細はこちら,,
富士見丘高等学校,"新2,3年",2/14～2/26,3/3,,3/3,A方式：英エッセイ・作B方式：英・数・国,受・保,若干名,https://www.jolnet.com/transfer/10157/,2025年3月実施　高校転・編入試験要項　富士見丘高等学校,東京都渋谷区,03-3376-1481,ホームページ・詳細はこちら,,
立命館慶祥中学校,"1,2年",～9/17,10/5,,10/15,英・数・国,受・保,若干名,https://www.jolnet.com/transfer/8336/,2024年10月実施　中学転・編入試験要項　立命館慶祥中学校,北海道江別市,011-381-8888,ホームページ・詳細はこちら,,
西武学園文理高等学校,"新2,3年",3/3～3/5,3/7,,3/7,英・数・国・作,受のみ,若干名,https://www.jolnet.com/transfer/10453/,2025年3月実施　高校転・編入試験要項　西武学園文理高等学校,埼玉県狭山市,04-2954-4080,ホームページ・詳細はこちら,,
富士見高等学校,"新2,3年",2/17～3/1,3/8,,3/8,英・数・国,受・保,若干名,https://www.jolnet.com/transfer/10170/,2025年3月実施　高校転・編入試験要項　富士見高等学校,東京都練馬区,03-3999-2136,ホームページ・詳細はこちら,,
城西大学附属城西中学校,1年,6/22～7/6　※ 要事前相談,7/9,,7/10,英・数・国,受のみ,若干名,https://www.jolnet.com/transfer/7183/,2024年7月実施　中学転・編入試験要項　城西大学附属城西中学校,東京都豊島区,03-3973-6331,ホームページ・詳細はこちら,,
城西大学附属城西中学校,新2年,2/17～3/3　※ 要事前相談,3/5,,3/6,英・数・国,受のみ,若干名,https://www.jolnet.com/transfer/10164/,2025年3月実施　中学転・編入試験要項　城西大学附属城西中学校,東京都豊島区,03-3973-6331,ホームページ・詳細はこちら,,
西大和学園中学校,"1,2,3年",10/28～11/27,12/10,,12/12,英・数・国,受のみ,定めず,https://www.jolnet.com/transfer/8581/,2024年12月実施　中学転・編入試験要項　西大和学園中学校,奈良県河合町,0745-73-6565,ホームページ・詳細はこちら,,
関西学院千里国際中等部,"1,2,3年",7/26～7/29,8/6　※ OL実施,,8/7,作（日 or 英）,受・保別々,若干名,https://www.jolnet.com/transfer/7396/,2024年8月実施　中学転・編入試験要項　関西学院千里国際中等部,大阪府箕面市,072-727-5050,ホームページ・詳細はこちら,,
開智望中等教育学校,"新2,3年",2/1～3/6,3/8,,,基礎学力検査,受のみ,若干名,https://www.jolnet.com/transfer/10055/,2025年3月実施　中学転・編入試験要項　開智望中等教育学校,茨城県つくばみらい市,0297-38-8857,ホームページ・詳細はこちら,,
品川女子学院高等部,"1,2年",11/28～12/4,12/11,,12/12,英・数・国,受・保別々,若干名,https://www.jolnet.com/transfer/9650/,2024年12月実施　高校転・編入試験要項　品川女子学院高等部,東京都品川区,03-3474-4048,ホームページ・詳細はこちら,,
女子美術大学付属高等学校,新2年,2/12～2/20,2/23,,2/25,英・数・国・美,受・保別々,若干名,https://www.jolnet.com/transfer/10553/,2025年2月実施　高校転・編入試験要項　女子美術大学付属高等学校,東京都杉並区,03-5340-4541,ホームページ・詳細はこちら,,
東邦大学付属東邦中学校,"新2,3年",2/3～2/8,3/7,,3/7,英・数・国,受のみ,若干名,https://www.jolnet.com/transfer/10063/,2025年3月実施　中学転・編入試験要項　東邦大学付属東邦中学校,千葉県習志野市,047-472-8192,ホームページ・詳細はこちら,,
宝仙学園順天堂大学系属理数インター高等学校,"1,2年",11/12～11/26,12/3,,12/3,英・数・国グローバルコース：数・国・英エッセイ,受のみ※ グローバルコースの面は日・英,若干名,https://www.jolnet.com/transfer/9291/,2023年12月実施　高校転・編入試験要項　宝仙学園順天堂大学系属理数インター高等学校,東京都中野区,03-3371-7103,ホームページ・詳細はこちら,,
兵庫県立芦屋国際中等教育学校,"4,5年",～5/16,5/23,,5/23,英・数・国・作,受のみ,若干名,https://www.jolnet.com/transfer/6760/,2024年5月実施　中学転・編入試験要項　兵庫県立芦屋国際中等教育学校,兵庫県芦屋市,0797-38-2293,ホームページ・詳細はこちら,,
麗澤高等学校,2年,11/4～11/29,12/7,,12/10,英・数・国,受・保別々,若干名,https://www.jolnet.com/transfer/8724/,2024年12月実施　高校転・編入試験要項　麗澤高等学校,千葉県柏市,04-7173-3700,ホームページ・詳細はこちら,,
宝仙学園順天堂大学系属理数インター高等学校,新2年,2/11～2/25,3/4,,3/4,英・数・国グローバルコース：数・国・英エッセイ,受のみ　※ グローバルコースの面は日・英,若干名,https://www.jolnet.com/transfer/10116/,2024年3月実施　高校転・編入試験要項　宝仙学園順天堂大学系属理数インター高等学校,東京都中野区,03-3371-7103,ホームページ・詳細はこちら,,
西南学院高等学校,新2年,3/3～3/7,3/12,,3/12,英・数・国,受のみ,若干名,https://www.jolnet.com/transfer/10725/,2025年3月実施　高校転・編入試験要項　西南学院高等学校,福岡県福岡市,092-841-1317,ホームページ・詳細はこちら,,
かえつ有明中学校,"新2,3年",2/25～2/28,3/4,,3/4,Regular選考：英・数・国Honors / Advanced選考：英・作・英Essay,Honors / Advanced選考：受のみグループ（英）,欠員分,https://www.jolnet.com/transfer/10244/,2025年3月実施　中学転・編入試験要項　かえつ有明中学校,東京都江東区,03-5564-2161,ホームページ・詳細はこちら,,
白梅学園清修中高一貫部,"新2,3年",3/14～3/19　※ 事前面接あり,3/22,,3/22,英・数・国,受のみ,若干名,https://www.jolnet.com/transfer/6106/,2024年3月実施　中学転・編入試験要項　白梅学園清修中高一貫部,東京都小平市,042-346-5129,ホームページ・詳細はこちら,,
自由学園高等部,1年,6/29～7/9,7/13,,7/14,英・数・国,受・保別々,若干名,https://www.jolnet.com/transfer/7260/,2024年7月実施　高校転・編入試験要項　自由学園高等部,東京都東久留米市,042-422-3111,ホームページ・詳細はこちら,,
光英VERITAS高等学校,"1,2年",10/23～11/29,12/7,,12/7,英・数・国,受・保別々　※ 事前面接も可,若干名,https://www.jolnet.com/transfer/8588/,2024年12月実施　高校転・編入試験要項　光英VERITAS高等学校,千葉県松戸市,047-392-8111,ホームページ・詳細はこちら,,
立命館慶祥中学校,"新2,3年",～1/20,2/8,,2/17,英・数・国,受・保,若干名,https://www.jolnet.com/transfer/9866/,2025年2月実施　中学転・編入試験要項　立命館慶祥中学校,北海道江別市,011-381-8888,ホームページ・詳細はこちら,,
文京学院大学女子高等学校,新2年,2/13～3/6,3/9,,3/9,国際教養：英・国・作 or 英・数・作理数キャリア：数・国・作 or 数・英・作スポーツ科学：英・数・国から2科・作,受のみ,若干名,https://www.jolnet.com/transfer/10123/,2025年3月実施　高校転・編入試験要項　文京学院大学女子高等学校,東京都文京区,03-3946-5301,ホームページ・詳細はこちら,,
如水館高等学校,"1,2,3年",7/1～7/26　※ 要事前連絡,8/6,,試験後3日以内,英・数・国,受・保,若干名,https://www.jolnet.com/transfer/7573/,2024年8月実施　高校転・編入試験要項　如水館高等学校,広島県三原市,0848-63-2423,ホームページ・詳細はこちら,,
兵庫県立芦屋国際中等教育学校,3年,～11/19,11/21,,11/21,作,受のみ,欠員分,https://www.jolnet.com/transfer/8632/,2024年11月実施　中学転・編入試験要項　兵庫県立芦屋国際中等教育学校,兵庫県芦屋市,0797-38-2293,ホームページ・詳細はこちら,,
桐朋女子中学校,"新2,3年",2/14～2/19,3/1,,3/1,A：作（英 or 仏 or 独）B：英・数・国,受のみ,各学年5名,https://www.jolnet.com/transfer/10151/,2025年3月実施　中学転・編入試験要項　桐朋女子中学校,東京都調布市,03-3300-2111,ホームページ・詳細はこちら,,
セントヨゼフ女子学園高等学校,新2年,2/10～2/17,3/5,,郵送,英・数・国,受・保,若干名,https://www.jolnet.com/transfer/10492/,2025年3月実施　高校転・編入試験要項　セントヨゼフ女子学園高等学校,三重県津市,059-227-6465,ホームページ・詳細はこちら,,
自由の森学園高等学校,新2年,～3/6,3/13,,3/13,英・数・国,受のみ,若干名,https://www.jolnet.com/transfer/10849/,2025年3月実施　高校転・編入試験要項　自由の森学園高等学校,埼玉県飯能市,042-972-3131,ホームページ・詳細はこちら,,
佼成学園中学校,"1,2,3年",6/2～6/17,6/22　※ OL実施,,6/24,作,受のみ,若干名,https://www.jolnet.com/transfer/7029/,2024年6月実施　中学転・編入試験要項　佼成学園中学校,東京都杉並区,03-3381-7227,ホームページ・詳細はこちら,,
光英VERITAS中学校,"1,2年",～6/28,7/6,,7/6,英・数・国,受・保別々,若干名,https://www.jolnet.com/transfer/7643/,2024年7月実施　中学転・編入試験要項　光英VERITAS中学校,千葉県松戸市,047-392-8111,ホームページ・詳細はこちら,,
沖縄尚学高等学校附属中学校,"新2,3年",2/12～2/15,2/22,,3日以内,英・数・国,受・保,若干名,https://www.jolnet.com/transfer/10555/,2025年2月実施　中学転・編入試験要項　沖縄尚学高等学校附属中学校,沖縄県那覇市,098-832-1767,ホームページ・詳細はこちら,,
東京学芸大学附属高等学校,1年,～7/1,7/17,,7/18,英・数・国,受のみ,若干名,https://www.jolnet.com/transfer/7107/,2024年7月実施　高校転・編入試験要項　東京学芸大学附属高等学校,東京都世田谷区,03-3421-5151,ホームページ・詳細はこちら,,
西大和学園中学校,新3年,12/21～1/17,2/6,,2/8,英・数・国,受のみ,定めず,https://www.jolnet.com/transfer/9770/,2025年2月実施　中学転・編入試験要項　西大和学園中学校,奈良県河合町,0745-73-6565,ホームページ・詳細はこちら,,
福岡女学院中学校,"1,2年",12/2～12/9,12/23,,12/23,英・作,受・保別々,若干名,https://www.jolnet.com/transfer/9719/,2024年12月実施　中学転・編入試験要項　福岡女学院中学校,福岡県福岡市,092-575-2470,ホームページ・詳細はこちら,,
茗溪学園中学校,"新2,3年",1/16～1/23　※ 要事前連絡,2/6　※ オンライン実施,,2/12,AC入試　A・B方式：英・数・国MG入試　A方式：英・作　B方式：英・数・国,受のみ＋受・保,若干名,https://www.jolnet.com/transfer/9907/,2025年2月実施　中学転・編入試験要項　茗溪学園中学校,茨城県つくば市,029-851-6611,ホームページ・詳細はこちら,,
光英VERITAS中学校,"1,2年",10/23～11/29,12/7,,12/7,英・数・国,受・保別々　※ 事前面接も可,若干名,https://www.jolnet.com/transfer/8585/,2024年12月実施　中学転・編入試験要項　光英VERITAS中学校,千葉県松戸市,047-392-8111,ホームページ・詳細はこちら,,
兵庫県立芦屋国際中等教育学校,3年,～10/22,10/24,,10/24,作,受のみ,1名,https://www.jolnet.com/transfer/8439/,2024年10月実施　中学転・編入試験要項　兵庫県立芦屋国際中等教育学校,兵庫県芦屋市,0797-38-2293,ホームページ・詳細はこちら,,
東京学芸大学附属高等学校,新2年,～3/6,3/18,,3/22,英・数・国,受のみ,若干名,https://www.jolnet.com/transfer/5981/,2024年3月実施　高校転・編入試験要項　東京学芸大学附属高等学校,東京都世田谷区,03-3421-5151,ホームページ・詳細はこちら,,
啓明学園高等学校,"1,2年",11/22～12/10,12/21※ オンライン型は12/20,,12/21,英語型：作（日・英）　日本語型：英・数・国　 外国語型：作（日・外国語）※ オンライン型　英語型：英作　日本語型：作　 外国語型：外国語作,受のみ　※ 12/14 要Zoomにてプレインタビュー（受・保）,若干名,https://www.jolnet.com/transfer/9581/,2024年12月実施　高校転・編入試験要項　啓明学園高等学校,東京都昭島市,042-541-1003,ホームページ・詳細はこちら,,
佼成学園中学校,"1,2,3年",10/27～11/18,11/23,,11/25,作（出願時提出）,受のみ　※ オンライン,若干名,https://www.jolnet.com/transfer/9281/,2024年11月実施　中学転・編入試験要項　佼成学園中学校,東京都杉並区,03-3381-7227,ホームページ・詳細はこちら,,
逗子開成高等学校,新2年,2/17～2/22,3/12,,3/12,英・数・国,受・保,若干名,https://www.jolnet.com/transfer/10174/,2025年3月実施　高校転・編入試験要項　逗子開成高等学校,神奈川県逗子市,046-871-2062,ホームページ・詳細はこちら,,
佼成学園女子高等学校,"1,2,3年",6/14～6/28,7/5　※ 海外在住者はOL可,,7/5,英・数・国,受・保,定めず,https://www.jolnet.com/transfer/7333/,2024年7月実施　高校転・編入試験要項　佼成学園女子高等学校,東京都世田谷区,03-3300-2351,ホームページ・詳細はこちら,,
品川女子学院中等部,新3年,2/19～2/26,3/5,,3/6,英・数・国,受・保別々,若干名,https://www.jolnet.com/transfer/10203/,2025年3月実施　中学転・編入試験要項　品川女子学院中等部,東京都品川区,03-3474-4048,ホームページ・詳細はこちら,,
立命館守山中学校,新2年,～12/16,,3/8～3/15,1週間以内,英・数・国,受・保,若干名,https://www.jolnet.com/transfer/9864/,2025年3月実施　中学転・編入試験要項　立命館守山中学校,滋賀県守山市,077-582-8000,ホームページ・詳細はこちら,,
佼成学園女子中学校,"1,2,3年",11/15～11/29,12/6　※ 海外在住者はOL可,,12/6,英・数・国,受・保,定めず,https://www.jolnet.com/transfer/9299/,2024年12月実施　中学転・編入試験要項　佼成学園女子中学校,東京都世田谷区,03-3300-2351,ホームページ・詳細はこちら,,
茗溪学園高等学校,1年,11/14～11/21,12/5　※ オンライン実施,,12/10,A方式：英・作,受のみ＋受・保,若干名,https://www.jolnet.com/transfer/9297/,2024年12月実施　高校転・編入試験要項　茗溪学園高等学校,茨城県つくば市,029-851-6611,ホームページ・詳細はこちら,,
佼成学園高等学校,"1,2,3年",6/2～6/17,6/22　※ OL実施,,6/24,作,受のみ,若干名,https://www.jolnet.com/transfer/7031/,2024年6月実施　高校転・編入試験要項　佼成学園高等学校,東京都杉並区,03-3381-7227,ホームページ・詳細はこちら,,
武庫川女子大学附属高等学校,新2年,2/26～3/7,3/13,,3/14,英・数・国,受・保,若干名,https://www.jolnet.com/transfer/10563/,2025年3月実施　高校転・編入試験要項　武庫川女子大学附属高等学校,兵庫県西宮市,0798-47-6436,ホームページ・詳細はこちら,,
立命館慶祥高等学校,"1,2年",～9/17,10/5,,10/15,英・数・国,受・保,若干名,https://www.jolnet.com/transfer/8338/,2024年10月実施　高校転・編入試験要項　立命館慶祥高等学校,北海道江別市,011-381-8888,ホームページ・詳細はこちら,,
大阪女学院中学校,"1,2年",※ 要事前相談,7月,,,英・数・国,,若干名,https://www.jolnet.com/transfer/7508/,2024年7月実施　中学転・編入試験要項　大阪女学院中学校,大阪府大阪市,06-6761-4451,ホームページ・詳細はこちら,,
茗溪学園高等学校,1年,9/19～9/26,10/10　※ OL実施,,10/16,A方式：英・作IB方式：英・数・エッセイ,受のみ＋受・保,若干名,https://www.jolnet.com/transfer/8348/,2024年10月実施　高校転・編入試験要項　茗溪学園高等学校,茨城県つくば市,029-851-6611,ホームページ・詳細はこちら,,
富士見丘中学校,"1,2,3年",6/14～6/26,7/1,,7/1,A方式：英エッセイ・作B方式：英・数・国,受・保,若干名,https://www.jolnet.com/transfer/6848/,2024年7月実施　中学転・編入試験要項　富士見丘中学校,東京都渋谷区,03-3376-1481,ホームページ・詳細はこちら,,
横浜国立大学教育学部附属横浜中学校,1年,2/12～3/11,3/21,,3/21,英・数・国,受・保別々,男女計5名,https://www.jolnet.com/transfer/10636/,2025年3月実施　中学転・編入試験要項　横浜国立大学教育学部附属横浜中学校,神奈川県横浜市,045-742-2281,ホームページ・詳細はこちら,,
穎明館高等学校,"1,2,3年",要事前相談,7/6,,,英・数・国,受のみ,定めず,https://www.jolnet.com/transfer/7337/,2024年7月実施　高校転・編入試験要項　穎明館高等学校,東京都八王子市,042-664-6000,ホームページ・詳細はこちら,,
西武学園文理高等学校,"1,2年",6/25～7/3,7/6,,7/6,英・数・国・作,受のみ,若干名,https://www.jolnet.com/transfer/7201/,2024年7月実施　高校転・編入試験要項　西武学園文理高等学校,埼玉県狭山市,04-2954-4080,ホームページ・詳細はこちら,,
関西学院千里国際高等部,2年,11/27～11/29,1/6　※ オンライン実施,,1/8,作（日 or 英）,受・保別々,若干名,https://www.jolnet.com/transfer/9648/,2025年1月実施　高校転・編入試験要項　関西学院千里国際高等部,大阪府箕面市,072-727-5050,ホームページ・詳細はこちら,,
名古屋中学校,"新2,3年",2/3～2/28,3/19,,3/19,英・数・国,受のみ,若干名,https://www.jolnet.com/transfer/10486/,2025年3月実施　中学転・編入試験要項　名古屋中学校,愛知県名古屋市,052-721-5271,ホームページ・詳細はこちら,,
佼成学園高等学校,"1,2年",10/27～11/18,11/23,,11/25,作（出願時提出）,受のみ　※ オンライン,若干名,https://www.jolnet.com/transfer/9283/,2024年11月実施　高校転・編入試験要項　佼成学園高等学校,東京都杉並区,03-3381-7227,ホームページ・詳細はこちら,,
逗子開成高等学校,1年,9/3～9/10,9/19,,9/19,英・数・国,受・保,若干名,https://www.jolnet.com/transfer/7775/,2024年9月実施　高校転・編入試験要項　逗子開成高等学校,神奈川県逗子市,046-871-2062,ホームページ・詳細はこちら,,
関西学院千里国際高等部,"1,2年",10/30～10/31,11/23　※ オンライン実施,,11/24,作（日 or 英）,受・保別々,若干名,https://www.jolnet.com/transfer/8447/,2024年11月実施　高校転・編入試験要項　関西学院千里国際高等部,大阪府箕面市,072-727-5050,ホームページ・詳細はこちら,,
かえつ有明中学校,"1,3年",11/26～11/29,12/3,,12/3,Regular選考：英・数・国Honors / Advanced選考：英・作・英Essay,Honors / Advanced選考：受のみグループ（英）,若干名,https://www.jolnet.com/transfer/9636/,2024年12月実施　中学転・編入試験要項　かえつ有明中学校,東京都江東区,03-5564-2111,ホームページ・詳細はこちら,,
茗溪学園高等学校,1年,6/20～6/27,7/11　※ OL実施,,7/17,A方式：英・作IB方式：英・数・エッセイ,受のみ＋受・保,若干名,https://www.jolnet.com/transfer/7123/,2024年7月実施　高校転・編入試験要項　茗溪学園高等学校,茨城県つくば市,029-851-6611,ホームページ・詳細はこちら,,
光英VERITAS高等学校,"新2,3年",2/14～2/28,3/10,,3/10,英・数・国,受・保別々　※ 事前面接も可,若干名,https://www.jolnet.com/transfer/10149/,2025年3月実施　高校転・編入試験要項　光英VERITAS高等学校,千葉県松戸市,047-392-8111,ホームページ・詳細はこちら,,
工学院大学附属高等学校,"1,2年",11/20～11/27,12/4,,12/4,数・英・作,受・保,若干名,https://www.jolnet.com/transfer/9443/,2024年12月実施　高校転・編入試験要項　工学院大学附属高等学校,東京都八王子市,042-628-4914,ホームページ・詳細はこちら,,
同志社国際中学校,"1,2,3年",5/18～5/30※ 4/22～5/15に資格認定を受けること,6/29,,7/1,"A選考専願：面接のみA選考併願：作B選考：1年…国・算＋理・社・英から1科目　2,3年…英・数・国",受・保　※ 面は中1B選考はなし,若干名,https://www.jolnet.com/transfer/6762/,2024年7月実施　中学転・編入試験要項　同志社国際中学校,京都府京田辺市,0774-65-8911,ホームページ・詳細はこちら,,
立命館宇治中学校,"新2,3年",12/16～1/7,1/18,,1/20,ICコース　小論文（日 or 英）IPコース　IP方式：数（英）・小論文（英）,受のみ＋受・保※ ICコース：日　IPコース：英（一部日あり）,若干名,https://www.jolnet.com/transfer/9768/,2025年1月実施　中学転・編入試験要項　立命館宇治中学校,京都府宇治市,0774-41-3000,ホームページ・詳細はこちら,,
十文字中学校,"新2,3年",～3/4,3/11,,3/11,英・数・国,受・保別々,若干名,https://www.jolnet.com/transfer/10265/,2025年3月実施　中学転・編入試験要項　十文字中学校,東京都豊島区,03-3918-3977,ホームページ・詳細はこちら,,
光英VERITAS中学校,"新2,3年",2/14～2/28,3/10,,3/10,英・数・国,受・保別々　※ 事前面接も可,若干名,https://www.jolnet.com/transfer/10147/,2025年3月実施　中学転・編入試験要項　光英VERITAS中学校,千葉県松戸市,047-392-8111,ホームページ・詳細はこちら,,
京華女子中学校,"新2,3年",2/21～3/5,3/7,,3/7,英・数・国,受のみ,若干名,https://www.jolnet.com/transfer/10721/,2025年3月実施　中学転・編入試験要項　京華女子中学校,東京都文京区,03-3946-4434,ホームページ・詳細はこちら,,
サレジアン国際学園高等学校,1年,7/5～7/12,7/16,,7/17,英・数・国,受・保,若干名,https://www.jolnet.com/transfer/7639/,2024年7月実施　高校転・編入試験要項　サレジアン国際学園高等学校,東京都北区,03-3906-7551,ホームページ・詳細はこちら,,
穎明館中学校,"1,2,3年",要事前相談,7/6,,,英・数・国,受のみ,定めず,https://www.jolnet.com/transfer/7335/,2024年7月実施　中学転・編入試験要項　穎明館中学校,東京都八王子市,042-664-6000,ホームページ・詳細はこちら,,
桐朋女子高等学校,"1,2年",11/15～11/22,12/1,,12/1,A：作（英 or 仏 or 独）B：高1：英・数・国　高2：英・国 or 英・数,受のみ,各学年5名,https://www.jolnet.com/transfer/9305/,2024年12月実施　高校転・編入試験要項　桐朋女子高等学校,東京都調布市,03-3300-2232,ホームページ・詳細はこちら,,
東邦大学付属東邦中学校,"1,2,3年",6/3～6/8,7/5,,7/5,英・数・国,受のみ,若干名,https://www.jolnet.com/transfer/7033/,2024年7月実施　中学転・編入試験要項　東邦大学付属東邦中学校,千葉県習志野市,047-472-8192,ホームページ・詳細はこちら,,
市川高等学校,1年,6/24～7/1,7/8,,7/9,英・数・国,受のみ,若干名,https://www.jolnet.com/transfer/7193/,2024年7月実施　高校転・編入試験要項　市川高等学校,千葉県市川市,047-339-2681,ホームページ・詳細はこちら,,
恵泉女学園高等学校,新1年,2/10～2/14,3/6,,3/12,英・数・国,受・保,若干名,https://www.jolnet.com/transfer/10075/,2025年3月実施　高校転・編入試験要項　恵泉女学園高等学校,東京都世田谷区,03-3303-2115,ホームページ・詳細はこちら,,
如水館中学校,"1,2年",12/2～12/9　※ 要事前連絡,12/17,,試験後3日以内,英・数・国,受・保,若干名,https://www.jolnet.com/transfer/9715/,2024年12月実施　中学転・編入試験要項　如水館中学校,広島県三原市,0848-63-2423,ホームページ・詳細はこちら,,
西南学院中学校,新2年,3/3～3/7,3/12,,3/12,英・数・国,受のみ,若干名,https://www.jolnet.com/transfer/10565/,2025年3月実施　中学転・編入試験要項　西南学院中学校,福岡県福岡市,092-841-1317,ホームページ・詳細はこちら,,
甲南中学校,"1,2,3年",7/16～7/19　※ 要事前相談,7/27,,7/27,英・数・国,受のみ,若干名,https://www.jolnet.com/transfer/7459/,2024年7月実施　中学転・編入試験要項　甲南中学校,兵庫県芦屋市,0797-31-0551,ホームページ・詳細はこちら,,
茗溪学園高等学校,新2年,1/16～1/23　※ 要事前連絡,2/6　※ オンライン実施,,2/12,A方式：英・作,受のみ＋受・保,若干名,https://www.jolnet.com/transfer/9909/,2025年2月実施　高校転・編入試験要項　茗溪学園高等学校,茨城県つくば市,029-851-6611,ホームページ・詳細はこちら,,
カリタス女子中学校,"1,2,3年",11/11～11/25,12/3,,12/3,英・数・国 or 仏・数・国,受・保,若干名,https://www.jolnet.com/transfer/9285/,2024年12月実施　中学転・編入試験要項　カリタス女子中学校,神奈川県川崎市,044-911-4656,ホームページ・詳細はこちら,,
頌栄女子学院高等学校,1年,6/10～6/25,7/5,,,,,若干名,https://www.jolnet.com/transfer/7114/,2024年7月実施　高校転・編入試験要項　頌栄女子学院高等学校,東京都港区,03-3441-2005,ホームページ・詳細はこちら,要問い合わせ,
不二聖心女子学院高等学校,"1,2年",～11/21　※ 要受験相談,11/23,,,英・数 or 英・国,受のみ＋受・保,欠員分,https://www.jolnet.com/transfer/8492/,2024年11月実施　高校転・編入試験要項　不二聖心女子学院高等学校,静岡県裾野市,055-992-0213,ホームページ・詳細はこちら,,
